15-11-2012	15-11-2012		15/11/2012	2012-11-16 00:00:00	CANCELED	15/11/2012 - 14:27
15-11-20122	15-11-20122		15/11/2012	9999-12-30 00:00:00	DECOMMISSIONED	15/11/2012 - 15:13
15-11-20123	15-11-20122		15/11/2012	9999-12-30 00:00:00	DECOMMISSIONED	15/11/2012 - 15:14
2k3r2_32bit_Dev	2k3r2_32bit_Dev		22/05/2013	9999-12-30 00:00:00	DECOMMISSIONED	23/05/2013 - 11:39
51aixrebtest	fsdf		08/05/2013	9999-12-30 00:00:00	DECOMMISSIONED	13/05/2013 - 11:20
5servertest	2008		21/05/2013	9999-12-30 00:00:00	DECOMMISSIONED	22/05/2013 - 17:49
61aixtestscript1	tsc		08/05/2013	9999-12-30 00:00:00	DECOMMISSIONED	13/05/2013 - 11:01
8dagentest	test		22/04/2013	2013-04-30 12:25:00	DECOMMISSIONED	22/04/2013 - 15:40
8dagentest2	TEST		22/04/2013	2013-04-30 13:07:00	DECOMMISSIONED	24/04/2013 - 10:25
ABS-Robuust	ABS Robuust		08/02/2019	9999-12-30 00:00:00	DECOMMISSIONED	22/02/2019 - 15:41
Active Directory	AD en overige Windows servers	Edward Elgeti	11/02/2013	9999-12-30 00:00:00	Operational	11/02/2013 - 12:26
AD/DC in DEV	AD/DC in DEV		24/04/2013	9999-12-30 00:00:00	CANCELED	24/04/2013 - 15:08
ADD	Active Directory Development		22/11/2012	9999-12-30 00:00:00	DECOMMISSIONED	22/11/2012 - 20:50
ADLinux	Linux Beheer		18/09/2014	9999-12-30 00:00:00	DECOMMISSIONED	21/10/2014 - 08:08
ADT	Active Directory Test server		22/11/2012	9999-12-30 00:00:00	DECOMMISSIONED	22/11/2012 - 20:51
adtest	testen van ad ibm		02/06/2014	2014-06-16 08:05:00	DECOMMISSIONED	12/06/2014 - 09:22
AD_Linux	AD_Linux		04/09/2014	9999-12-30 00:00:00	DECOMMISSIONED	18/09/2014 - 11:27
AI	AI		01/05/2020	9999-12-30 01:00:00	Operational	01/05/2020 - 12:24
AIX Vullen	AIX Vullen		12/03/2013	9999-12-30 00:00:00	DECOMMISSIONED	09/04/2013 - 18:07
aix5rebotest	sf		07/05/2013	9999-12-30 00:00:00	DECOMMISSIONED	07/05/2013 - 17:36
aix5test1	test		11/03/2013	9999-12-30 00:00:00	DECOMMISSIONED	22/04/2013 - 10:59
aixadddisktest	sdfjj		13/05/2013	9999-12-30 00:00:00	DECOMMISSIONED	23/05/2013 - 11:56
aixDev_test	a		23/05/2013	9999-12-30 00:00:00	DECOMMISSIONED	28/05/2013 - 13:52
AIX_backup_test			10/07/2015	2015-07-10 13:41:00	Decommissioned	02/08/2015 - 10:00
aix_max_test	testjes		02/04/2013	9999-12-30 00:00:00	DECOMMISSIONED	02/04/2013 - 15:23
AMG Catalog	AMG Catalog		11/03/2019	9999-12-30 00:00:00	Operational	11/03/2019 - 13:10
AMG Gateway	AMG Gateway		06/03/2019	9999-12-30 00:00:00	Operational	06/03/2019 - 14:06
AMG Precision Monitoring	AMG Precision Monitoring		15/01/2019	9999-12-30 00:00:00	Operational	15/01/2019 - 11:30
AMG_ANTIVIRUS	AMG_ANTIVIRUS		28/11/2018	9999-12-30 00:00:00	Operational	28/11/2018 - 11:33
AO	AO ontwikkel en test servers		20/06/2013	9999-12-30 00:00:00	Operational	20/06/2013 - 15:05
AOC 2018	AOC		27/03/2018	9999-12-30 00:00:00	Operational	27/03/2018 - 10:30
APG-GIT_20171026	APG-GIT_20171026	Carcia Voorham	26/10/2017	2017-10-26 04:54:48	Operational	26/10/2017 - 07:11
API Gateway 2018	API Gateway jaar 2018	Rolf Bakels	19/01/2018	2018-12-31 22:01:11	Operational	03/01/2018 - 07:14
API-Gateway 2017	API-Gateway Praktijktoets	Rolf Bakels	29/08/2017	9999-12-30 00:00:00	DECOMMISSIONED	23/11/2017 - 09:15
ATAT	Maskering prod data	Edward Elgeti	21/09/2015	9999-12-30 00:00:00	Operational	21/09/2015 - 11:28
AUTO 07032019	AUTO 07032019		07/03/2019	9999-12-30 00:00:00	DRAFT	07/03/2019 - 15:40
AUTO 07032019	AUTO 07032019		07/03/2019	9999-12-30 00:00:00	CANCELED	07/03/2019 - 16:01
AUTO 07032019	AUTO 07032019		07/03/2019	9999-12-30 00:00:00	Operational	07/03/2019 - 17:03
AUTO 7-3-2019	AUTO 7-3-2019		07/03/2019	9999-12-30 00:00:00	CANCELED	07/03/2019 - 15:27
AVB DVB 2	AVB DVB 2		04/05/2016	9999-12-30 00:00:00	Operational	04/05/2016 - 17:36
AVB-DVB Pilot	Pilot server voor AVB/DVB		27/11/2012	9999-12-30 00:00:00	DECOMMISSIONED	27/11/2012 - 11:04
AVB-DVB-Oracle-Pilot	De Oracle server voor de AVB-DVB pilot		18/12/2012	9999-12-30 00:00:00	DECOMMISSIONED	18/12/2012 - 14:42
AVB-DVB-pilot	AVB/DVB Pilot server		27/11/2012	9999-12-30 00:00:00	DECOMMISSIONED	03/10/2016 - 13:05
AVB/DVB Pilot	Pilot server voor AVB/DVB		22/11/2012	9999-12-30 00:00:00	DECOMMISSIONED	22/11/2012 - 20:52
BackupRestoreProject	Test BackupRestore		27/05/2014	9999-12-30 00:00:00	DECOMMISSIONED	07/07/2014 - 11:03
Banenafspraak	Dashboard Banenafspraak		04/02/2020	9999-12-30 01:00:00	DRAFT	04/02/2020 - 11:14
Banenafspraak	Dashboard Banenafspraak		04/02/2020	9999-12-30 01:00:00	DECOMMISSIONED	17/04/2020 - 14:08
BAS	Bas		02/07/2019	9999-12-30 00:00:00	DECOMMISSIONED	02/07/2019 - 16:14
Basisplatform app diensten	Basisplatform app diensten		15/10/2018	9999-12-30 00:00:00	Operational	15/10/2018 - 14:44
Basware	Basware test servers		05/06/2013	9999-12-30 00:00:00	CANCELED	05/06/2013 - 13:04
basware 2017	basware 2017		06/12/2017	9999-12-30 00:00:00	Operational	06/12/2017 - 14:37
BAS_20171010	BAS_20171010		16/10/2017	9999-12-30 00:00:00	Operational	16/10/2017 - 14:45
Bas_ware	Basware Test servers		05/06/2013	9999-12-30 00:00:00	DECOMMISSIONED	20/12/2018 - 08:13
BBS	BBS Betalingsonmacht systeem		01/08/2017	9999-12-30 00:00:00	Operational	01/08/2017 - 09:33
BeheerserverT			23/04/2013	9999-12-30 00:00:00	DECOMMISSIONED	02/05/2013 - 16:02
Bevindingen	Bevindingen test		24/01/2013	2013-02-07 14:13:00	CANCELED	24/01/2013 - 16:51
Bevindingen LPAR	Bevindingen LPAR		24/01/2013	2013-02-07 14:29:00	CANCELED	24/01/2013 - 17:21
Bevindingen LPAR 2	Bevindingen LPAR		05/02/2013	2013-03-01 12:47:00	DECOMMISSIONED	05/03/2013 - 14:18
Bevindingen VM	Bevindingen VM		05/02/2013	2013-03-01 12:49:00	DECOMMISSIONED	05/03/2013 - 14:09
big_fix_test	big_fix_test		27/06/2018	9999-12-30 00:00:00	DRAFT	27/06/2018 - 14:05
big_fix_test	big_fix_test		27/06/2018	9999-12-30 00:00:00	DECOMMISSIONED	26/10/2018 - 08:35
Bit	Bit ontwikkel en test servers		24/05/2013	9999-12-30 00:00:00	Operational	27/05/2013 - 15:28
Bit - MOM	Bit - MOM		16/09/2014	9999-12-30 00:00:00	Operational	16/09/2014 - 15:21
BIT 03092019	BIT 03092019		03/09/2019	9999-12-30 00:00:00	Operational	03/09/2019 - 12:25
bit_tijdelijk	bit_tijdelijk		10/05/2016	9999-12-30 00:00:00	DECOMMISSIONED	24/10/2019 - 10:30
BT Opleiding Server	BT Opleiding Server		11/01/2019	9999-12-30 00:00:00	Operational	11/01/2019 - 18:11
BVV	BVV		24/09/2019	9999-12-30 00:00:00	Operational	24/09/2019 - 13:26
C-DCT	C-DCT		29/12/2015	onbepaald	DRAFT	29/12/2015 - 11:38
C-DCT	C-DCT		29/12/2015	9999-12-30 00:00:00	Operational	29/12/2015 - 11:22
CBBS	CBBS in OTOD			onbepaald	DECOMMISSIONED	30/04/2014 - 11:54
CBBS	CBBS in Otod TEST		02/05/2014	9999-12-30 00:00:00	DECOMMISSIONED	05/05/2014 - 09:50
CBBS	CBBS in Otod Test		05/05/2014	9999-12-30 00:00:00	CANCELED	05/05/2014 - 09:54
CBBS	CBBS in Otod Test		14/05/2014	9999-12-30 00:00:00	CANCELED	14/05/2014 - 14:23
CBBS	CBBS in Otod Test		14/05/2014	9999-12-30 00:00:00	DECOMMISSIONED	06/08/2014 - 13:13
CBBS-T	CBBS in Otod Test		06/08/2014	9999-12-30 00:00:00	DECOMMISSIONED	27/12/2018 - 12:19
CCA-SAZP	CCA-SAZP		16/07/2019	9999-12-30 00:00:00	Operational	16/07/2019 - 10:39
CIA_OTOD1_20190401			01/04/2019	9999-12-30 00:00:00	CANCELED	01/04/2019 - 09:03
CIA_OTOD1_20190401			03/04/2019	9999-12-30 00:00:00	CANCELED	03/04/2019 - 07:59
CIA_OTOD1_20190401			03/04/2019	9999-12-30 00:00:00	DECOMMISSIONED	23/08/2019 - 09:07
Cloud Control	Cloud Control		22/10/2018	9999-12-30 00:00:00	Operational	22/10/2018 - 15:06
Confluence-Cricible	Confluence en Crucible Server		03/11/2016	9999-12-30 00:00:00	Operational	03/11/2016 - 08:49
Confluence-Crucible server	Confluence-Crucible server		01/11/2016	9999-12-30 00:00:00	DECOMMISSIONED	03/11/2016 - 08:42
coretestres	test		07/05/2013	9999-12-30 00:00:00	DECOMMISSIONED	07/05/2013 - 17:42
Dagloon	Dagloon		02/06/2015	9999-12-30 00:00:00	DECOMMISSION_FAILED	19/07/2019 - 16:56
Dagloon 22012019	Dagloon 22012019		22/01/2019	9999-12-30 00:00:00	CANCELED	22/01/2019 - 12:14
Dagloon 22012019	Dagloon 22012019		22/01/2019	9999-12-30 00:00:00	DRAFT	22/01/2019 - 12:23
Dagloon 22012019	Dagloon 22012019		22/01/2019	9999-12-30 00:00:00	Operational	22/01/2019 - 13:21
Dashboard Banen			04/12/2018	9999-12-30 00:00:00	DECOMMISSIONED	19/06/2019 - 17:41
Data Analytics BCK	Data Analytics BCK		01/03/2019	9999-12-30 00:00:00	Operational	01/03/2019 - 11:01
Databasehotel	Databasehotel		14/03/2017	9999-12-30 00:00:00	CANCELED	14/03/2017 - 11:07
DatabaseHotel	DatabaseHotel		14/03/2017	9999-12-30 00:00:00	DECOMMISSIONED	14/03/2017 - 11:36
DatabaseHotel	DatabaseHotel		14/03/2017	9999-12-30 00:00:00	Operational	14/03/2017 - 11:57
Datacap	Datacap		21/09/2017	9999-12-30 00:00:00	Operational	21/09/2017 - 10:51
Datafabriek ETL 06082018	Datafabriek ETL 06082018		06/08/2018	9999-12-30 00:00:00	DRAFT	06/08/2018 - 12:46
Datafabriek ETL 06082018	Datafabriek ETL 06082018		06/08/2018	9999-12-30 00:00:00	DECOMMISSIONED	06/08/2018 - 15:04
DB-Hotel	Database Hotel		05/12/2016	onbepaald	DRAFT	05/12/2016 - 11:09
DB-Hotel	Database Hotel		05/12/2016	9999-12-30 00:00:00	DECOMMISSIONED	06/12/2016 - 16:54
DC	DNS server		15/11/2012	9999-12-30 00:00:00	DECOMMISSIONED	22/11/2012 - 10:39
DC Dev	DC in DEV domein		26/04/2013	9999-12-30 00:00:00	DECOMMISSIONED	07/05/2013 - 11:45
DC_DNS_O	Domain Controller DNS Ontwikkel		03/12/2012	9999-12-30 00:00:00	DECOMMISSIONED	11/02/2013 - 12:00
DC_DNS_T	Domain Controller DNS		03/12/2012	9999-12-30 00:00:00	DECOMMISSIONED	11/02/2013 - 12:00
DevBeheer	Beheer server	Edward Elgeti	31/05/2013	9999-12-30 00:00:00	Operational	31/05/2013 - 13:48
Dico	Dico		04/07/2017	9999-12-30 00:00:00	DECOMMISSIONED	29/11/2018 - 14:39
Digitale Dienstverlening	Digitale Dienstverlening		26/09/2018	9999-12-30 00:00:00	Operational	26/09/2018 - 17:01
DIM	DIM		12/02/2016	onbepaald	DRAFT	12/02/2016 - 14:38
DIM	DIM		12/02/2016	9999-12-30 00:00:00	DECOMMISSIONED	19/12/2016 - 11:06
Disco	Disco!		04/07/2017	9999-12-30 00:00:00	DECOMMISSIONED	04/07/2017 - 12:47
DIV - MOM	Multichannel Output Management		14/02/2014	9999-12-30 00:00:00	DECOMMISSIONED	25/04/2019 - 09:54
DIV - Zomer	Testomgeving Zomer		01/04/2014	9999-12-30 00:00:00	DECOMMISSIONED	11/04/2019 - 08:39
DIV MOM	Multitchannel Output Management		14/02/2014	9999-12-30 00:00:00	CANCELED	14/02/2014 - 22:25
DIV Regielaag - GOH	DIV Regielaag - GOH		15/12/2015	9999-12-30 01:00:00	DECOMMISSIONED	26/06/2020 - 12:47
DLA_2018	Doelgroepverklaring Loonkostenvoordeel Aanvraagafhandeling		05/01/2018	9999-12-30 00:00:00	DRAFT	05/01/2018 - 10:08
DLA_2018	Doelgroepverklaring Loonkostenvoordeel Aanvraagafhandeling	Maurice de Zwart	05/01/2018	9999-12-30 00:00:00	Operational	05/01/2018 - 10:36
DMO	Dagloon		30/01/2014	9999-12-30 00:00:00	DECOMMISSIONED	31/10/2015 - 16:07
Domain_cPilot	Pilot Domain Controller		27/11/2012	9999-12-30 00:00:00	DECOMMISSIONED	03/12/2012 - 14:41
DRL - GOH	DRL - GOH		22/01/2016	9999-12-30 00:00:00	Operational	22/01/2016 - 17:27
DRL_20190510	DRL_20190510		10/05/2019	9999-12-30 00:00:00	Operational	10/05/2019 - 14:12
Dwangsom	Dwangsom		03/05/2017	onbepaald	DRAFT	03/05/2017 - 12:45
Dwangsom	Dwangsom		03/05/2017	9999-12-30 00:00:00	Operational	03/05/2017 - 10:57
DWBB	DWBB		15/06/2016	9999-12-30 00:00:00	DECOMMISSIONED	31/08/2018 - 12:55
DWBB	DWBB		14/06/2016	9999-12-30 00:00:00	DECOMMISSIONED	15/06/2016 - 12:22
DWBB_ont	DWBB Ontwikkel omgeving		15/06/2016	onbepaald	DRAFT	15/06/2016 - 16:04
DWBB_ont	DWBB Ontwikkel omgeving		15/06/2016	9999-12-30 00:00:00	DECOMMISSIONED	16/06/2016 - 12:26
DWU en Mashup	DWU en Mashup		09/09/2014	9999-12-30 00:00:00	DECOMMISSIONED	03/03/2015 - 17:46
E-Intake	E-Intake		07/01/2019	9999-12-30 00:00:00	Operational	07/01/2019 - 10:17
E-Portalen	E-Portalen		18/01/2019	9999-12-30 00:00:00	Operational	18/01/2019 - 11:39
E-Publiek	E-Publiek		09/09/2019	9999-12-30 00:00:00	Operational	09/09/2019 - 13:18
E-Werkgever	E-Werkgever Otod migratie KenS		20/06/2016	9999-12-30 00:00:00	Operational	20/06/2016 - 11:22
EAED - Test	EAED - Test		14/07/2015	9999-12-30 01:00:00	DECOMMISSIONED	15/05/2020 - 16:43
EAED 13092018	EAED 13092018		13/09/2018	9999-12-30 00:00:00	Operational	13/09/2018 - 07:32
EAED 20032019	EAED 20032019		20/03/2019	9999-12-30 00:00:00	Operational	20/03/2019 - 10:37
EAED dev	DEV Capgemini		11/06/2014	9999-12-30 00:00:00	CANCELED	11/06/2014 - 18:08
EAED DEV	Dev Capgemini		12/06/2014	9999-12-30 00:00:00	CANCELED	12/06/2014 - 10:24
EAED Dev	Dev Capgemini		12/06/2014	9999-12-30 00:00:00	CANCELED	12/06/2014 - 15:58
EAED Dev	Dev Capgemini		12/06/2014	9999-12-30 00:00:00	DECOMMISSIONED	15/10/2015 - 09:10
EAED FEM server	FEM server	Remo Cantatore	01/09/2015	9999-12-30 01:00:00	DECOMMISSIONED	15/05/2020 - 16:17
EAED_LOMO	EAED_LOMO		03/02/2020	9999-12-30 01:00:00	Operational	03/02/2020 - 11:00
Eduardo_sandbox	Oefenserver voor Eduardo		20/01/2017	2017-02-03 15:11:00	DECOMMISSIONED	20/01/2017 - 15:47
EDVbus 2018	EDVbus		12/03/2018	9999-12-30 00:00:00	Operational	12/03/2018 - 08:38
EDVLP	EDVLP		08/10/2019	9999-12-30 00:00:00	CANCELED	08/10/2019 - 11:26
EDVLP	EDVLP		08/10/2019	9999-12-30 00:00:00	CANCELED	08/10/2019 - 12:29
EDVLP	EDVLP		10/10/2019	9999-12-30 01:00:00	DECOMMISSIONED	29/11/2019 - 11:45
een_Mijnomgeving	een_Mijnomgeving		22/09/2014	9999-12-30 00:00:00	DECOMMISSIONED	28/05/2015 - 13:15
een_Mijnomgeving-Linux	een_Mijnomgeving-Linux		22/10/2014	9999-12-30 00:00:00	CANCELED	22/10/2014 - 11:19
eFlow	eFlow		13/10/2014	9999-12-30 00:00:00	CANCELED	13/10/2014 - 17:35
eFlow	eFlow		14/10/2014	9999-12-30 00:00:00	Operational	14/10/2014 - 15:04
EGV 02082018	EGV 02082018		02/08/2018	9999-12-30 00:00:00	DRAFT	02/08/2018 - 08:15
EGV 02082018	EGV 02082018		02/08/2018	9999-12-30 00:00:00	Operational	02/08/2018 - 08:43
Eigen Otod Zakelijk Portaal	Eigen Otod Zakelijk Portaal		01/03/2016	9999-12-30 00:00:00	CANCELED	01/03/2016 - 11:03
Eigen Zakelijk Portaal	Eigen Otod Zakelijk Portaal		01/03/2016	9999-12-30 00:00:00	Operational	01/03/2016 - 11:53
Elise	Elise		15/11/2016	9999-12-30 00:00:00	DECOMMISSIONED	30/11/2016 - 10:57
Elise2	Elise2		30/11/2016	9999-12-30 00:00:00	Operational	30/11/2016 - 14:17
ELM	ELM		03/09/2018	9999-12-30 00:00:00	DRAFT	03/09/2018 - 12:41
ELM	ELM		03/09/2018	9999-12-30 00:00:00	Operational	03/09/2018 - 12:53
emailtest1	mailtest1		10/12/2012	2012-12-26 00:00:00	DECOMMISSIONED	26/12/2012 - 00:02
emailtest2	emailtest2		13/12/2012	2012-12-27 16:48:00	CANCELED	13/12/2012 - 19:09
EMO	EMO		04/12/2015	onbepaald	DRAFT	04/12/2015 - 12:13
EMO	EMO		04/12/2015	9999-12-30 00:00:00	CANCELED	04/12/2015 - 11:19
EMO_Mijn	EMO		04/12/2015	9999-12-30 00:00:00	DECOMMISSIONED	23/08/2016 - 17:25
EMO_Mijn_oracle	EMO Oracle		23/08/2016	9999-12-30 00:00:00	CANCELED	23/08/2016 - 11:28
EMO_Mijn_oracle	EMO Oracle		23/08/2016	9999-12-30 00:00:00	DECOMMISSIONED	14/08/2017 - 10:03
EPM-UGC	EPM-UGC		14/01/2019	9999-12-30 00:00:00	Operational	14/01/2019 - 11:32
ESXpatch			17/07/2015	2015-07-18 20:41:00	DECOMMISSIONED	18/07/2015 - 22:44
ETL	ETL		26/05/2015	9999-12-30 00:00:00	CANCELED	26/05/2015 - 10:32
ETL Datafabriek	ETL Datafabriek		06/06/2019	9999-12-30 00:00:00	DRAFT	06/06/2019 - 10:51
ETL Datafabriek	ETL Datafabriek		06/06/2019	9999-12-30 00:00:00	Operational	06/06/2019 - 11:14
ETL_	ETL		26/05/2015	9999-12-30 00:00:00	DECOMMISSIONED	26/05/2015 - 13:15
ETL__	ETL		01/06/2015	9999-12-30 00:00:00	DECOMMISSIONED	07/09/2016 - 10:14
Eures	Eures		12/09/2017	9999-12-30 00:00:00	Operational	12/09/2017 - 10:45
FIV			17/08/2017	9999-12-30 00:00:00	Operational	17/08/2017 - 10:54
Fleks	Fleks		24/11/2014	9999-12-30 00:00:00	Operational	24/11/2014 - 12:14
Fleks - GOH	Fleks groot onderhoud		01/09/2015	9999-12-30 00:00:00	Operational	01/09/2015 - 12:41
FLEKS 04012018	FLEKS 04012018		04/01/2018	9999-12-30 00:00:00	Operational	04/01/2018 - 10:34
FLEKS 25092018	FLEKS 25092018		25/09/2018	9999-12-30 00:00:00	Operational	25/09/2018 - 14:02
Fleks BenB	Fleks BenB		04/11/2015	onbepaald	DRAFT	04/11/2015 - 09:24
Fleks BenB	Fleks BenB		04/11/2015	9999-12-30 00:00:00	Operational	04/11/2015 - 09:05
Fleks Groot onderhoud	Fleks Groot onderhoud		01/09/2015	9999-12-30 00:00:00	CANCELED	01/09/2015 - 11:52
FLEKS-LAB_DWBB	FLEKS LAB DWBB		27/11/2015	9999-12-30 00:00:00	DECOMMISSIONED	09/05/2017 - 11:34
Fleks_20190513	Fleks_20190513		13/05/2019	9999-12-30 00:00:00	Operational	13/05/2019 - 15:01
FLEKS_GOH_tijdelijk	Tijdelijke restore FLEKS_GOH		20/11/2015	2015-12-04 10:54:00	DECOMMISSIONED	24/11/2015 - 11:39
FLEKS_LAB_DWBB	FLEKS LAB DWBB		26/11/2015	onbepaald	DRAFT	26/11/2015 - 11:53
FLEKS_LAB_DWBB	FLEKS LAB DWBB		26/11/2015	9999-12-30 00:00:00	DECOMMISSIONED	27/11/2015 - 11:24
GCU	GCU		04/05/2016	9999-12-30 00:00:00	DECOMMISSIONED	28/06/2018 - 07:04
GCU_2018	GCU		16/08/2018	9999-12-30 00:00:00	Operational	16/08/2018 - 16:04
GD Polis 2017	GD Polis 2017		02/06/2017	9999-12-30 00:00:00	Operational	02/06/2017 - 17:28
GD Polis 2017			02/06/2017	9999-12-30 00:00:00	DECOMMISSIONED	02/06/2017 - 16:28
GD Polis+			14/01/2014	9999-12-30 00:00:00	CANCELED	14/01/2014 - 14:25
GD Polis+			15/01/2014	9999-12-30 00:00:00	CANCELED	15/01/2014 - 20:54
GD Polis+	GD Polis +		17/01/2014	9999-12-30 00:00:00	Operational	17/01/2014 - 18:59
GIIO	GIIO ontwikkel en test servers		20/06/2013	9999-12-30 00:00:00	Operational	20/06/2013 - 13:31
GIIO_oracle	GIIO ontwikkel en test servers Oracle		19/08/2016	onbepaald	DRAFT	19/08/2016 - 14:34
GIIO_oracle	GIIO ontwikkel en test servers Oracle		19/08/2016	9999-12-30 00:00:00	CANCELED	19/08/2016 - 12:41
GIIO_oracle	GIIO ontwikkel en test servers Oracle		19/08/2016	9999-12-30 00:00:00	DECOMMISSIONED	15/07/2019 - 07:24
Gina	Generieke INkomsten Applicatie		04/08/2014	9999-12-30 00:00:00	DECOMMISSIONED	07/01/2019 - 11:05
GOH CBBS_T 2018	GOH CBBS_T 2018		08/06/2018	9999-12-30 00:00:00	DRAFT	08/06/2018 - 13:20
GOH CBBS_T 2018	GOH CBBS_T 2018		08/06/2018	9999-12-30 00:00:00	Operational	08/06/2018 - 13:32
GOH Gina 2018	Groot Onderhoud GINA		02/05/2018	9999-12-30 00:00:00	DECOMMISSIONED	02/05/2018 - 10:56
GOH Gina 2018	Groot Onderhoud GINA		02/05/2018	9999-12-30 00:00:00	Operational	02/05/2018 - 11:54
GOH KAS	GOH		01/06/2016	9999-12-30 01:00:00	DECOMMISSIONED	25/05/2020 - 10:36
GOH KAS 190819	GOH KAS 190819		19/08/2019	9999-12-30 00:00:00	Operational	19/08/2019 - 12:25
GOH SMF TOTAAL 2018	GOH SMF TOTAAL 2018		11/06/2018	9999-12-30 00:00:00	Operational	11/06/2018 - 14:59
GOH Sonar IP2018	GOH Sonar IP2018		06/08/2019	9999-12-30 00:00:00	Operational	06/08/2019 - 15:16
goh-drl	goh-drl		23/09/2019	9999-12-30 00:00:00	Operational	23/09/2019 - 14:20
GOH_DEV_POL_LEV_2019	Polis Leveren GOH Nieuwe Ontwikkel-omgeving		25/09/2019	9999-12-30 00:00:00	CANCELED	25/09/2019 - 06:56
GOH_DEV_POL_LEV_2019	Polis Leveren GOH Nieuwe Ontwikkel-omgeving		25/09/2019	9999-12-30 00:00:00	DRAFT	25/09/2019 - 07:14
GOH_DEV_POL_LEV_2019	Polis Leveren GOH Nieuwe Ontwikkel-omgeving		25/09/2019	9999-12-30 00:00:00	CANCELED	25/09/2019 - 07:25
GOH_POL_LEV_19	Polis Leveren GOH Nw Dev		25/09/2019	9999-12-30 00:00:00	DRAFT	25/09/2019 - 07:34
GOH_POL_LEV_19	Polis Leveren GOH Nw Dev		25/09/2019	9999-12-30 00:00:00	CANCELED	25/09/2019 - 07:45
GOH_POL_LEV_2019	Polis Leveren GOH Nieuwe Ontwikkel-omgevin		07/10/2019	9999-12-30 00:00:00	CANCELED	07/10/2019 - 13:27
GOH_POL_LEV_2019	Polis Leveren GOH Nieuwe Ontwikkel-omgeving		07/10/2019	9999-12-30 00:00:00	Operational	07/10/2019 - 14:34
GOH_POL_LEV_2019	Polis Leveren GOH Nieuwe Ontwikkel-omgeving		26/09/2019	9999-12-30 00:00:00	CANCELED	26/09/2019 - 10:21
GOH_POL_LEV_2019	Polis Leveren GOH Nieuwe Ontwikkel-omgeving		01/10/2019	9999-12-30 00:00:00	CANCELED	01/10/2019 - 07:32
GOH_POL_LEV_2019	Polis Leveren GOH Nieuwe Ontwikkel-omgeving		02/10/2019	9999-12-30 00:00:00	DECOMMISSIONED	07/10/2019 - 12:47
HAKO	Hotel Applicatie Keten Omgeving		12/10/2018	9999-12-30 00:00:00	CANCELED	12/10/2018 - 12:56
HAKO	Hotel Applicatie Keten Omgeving		12/10/2018	9999-12-30 00:00:00	DRAFT	12/10/2018 - 13:04
HAKO	Hotel Applicatie Keten Omgeving		12/10/2018	9999-12-30 00:00:00	Operational	12/10/2018 - 13:20
HGO	HGO	Kees Brent	04/11/2015	9999-12-30 00:00:00	DECOMMISSIONED	28/05/2018 - 09:19
HGO_oracle	HGO Oracle		31/08/2016	9999-12-30 00:00:00	Operational	31/08/2016 - 12:16
HI-Postcode	HI-Postcode		24/10/2018	9999-12-30 00:00:00	Operational	24/10/2018 - 10:31
HOWW	HOWW		17/04/2019	9999-12-30 00:00:00	Operational	17/04/2019 - 11:33
HRM_IV_OCR	OCR Server voor Corona Crisis Aanvragen		25/03/2020	9999-12-30 01:00:00	CANCELED	25/03/2020 - 19:19
HRM_IV_OCR	TBV Noodmaatregel crisisaanvragen		26/03/2020	9999-12-30 01:00:00	DECOMMISSIONED	06/04/2020 - 12:13
IBM test	IBM test		25/07/2018	9999-12-30 00:00:00	DECOMMISSIONED	25/07/2018 - 16:00
IBM-RHELOracle	IBM-RHELOracle		12/08/2016	9999-12-30 00:00:00	DECOMMISSIONED	26/08/2016 - 16:06
IBM-test	v		25/07/2018	9999-12-30 00:00:00	DECOMMISSIONED	25/07/2018 - 18:39
imagebackuptest	testtest		07/05/2013	9999-12-30 00:00:00	DECOMMISSIONED	13/05/2013 - 11:00
Inspire	Inspire Groot Onderhoud		01/05/2015	9999-12-30 00:00:00	Operational	01/05/2015 - 11:13
Internal Acces Server	Internal Acces Server		24/10/2019	9999-12-30 00:00:00	Operational	24/10/2019 - 12:33
Invlechten	Invlechten Werkbedrijf		09/12/2019	9999-12-30 01:00:00	Operational	09/12/2019 - 10:18
IQ	Project Inleenadministratie en Quotumheffing		16/05/2017	9999-12-30 00:00:00	DECOMMISSIONED	10/04/2019 - 17:09
ITM test	ITM BU test		29/07/2013	2013-08-12 10:52:00	DECOMMISSIONED	29/07/2013 - 14:36
itmsavedtest1	dffsdf		07/05/2013	9999-12-30 00:00:00	DECOMMISSIONED	07/05/2013 - 15:30
ITMtest2	BackUP		29/07/2013	2013-08-12 13:23:00	DECOMMISSIONED	29/07/2013 - 16:07
ITMtest3	Incident test		31/07/2013	2013-08-14 09:51:00	CANCELED	31/07/2013 - 11:54
ITMtest4	Hertest		31/07/2013	2013-08-14 10:46:00	CANCELED	31/07/2013 - 12:49
ITMtest5	Hertest		31/07/2013	2013-08-14 10:51:00	CANCELED	31/07/2013 - 12:53
itmtest6	test		05/08/2013	2013-08-19 07:46:00	DECOMMISSIONED	05/08/2013 - 10:22
IV-Dashboard	IV-Dashboard		19/12/2019	9999-12-30 01:00:00	Operational	19/12/2019 - 11:43
IV-Dashboard	IV-Dashboard		19/12/2019	9999-12-30 01:00:00	DRAFT	19/12/2019 - 10:30
Jira	Jira		04/11/2014	9999-12-30 00:00:00	CANCELED	04/11/2014 - 14:49
Jira	Jira		04/11/2014	9999-12-30 00:00:00	CANCELED	04/11/2014 - 14:56
Jira	Jira		04/11/2014	9999-12-30 00:00:00	DECOMMISSIONED	28/08/2015 - 13:10
Jira-Otod	Jira		17/01/2018	9999-12-30 00:00:00	Operational	17/01/2018 - 12:09
K3CR 09112018	K3CR 09112018		09/11/2018	9999-12-30 00:00:00	Operational	09/11/2018 - 12:20
KDB-WWO	KDB-WWO		19/09/2019	9999-12-30 00:00:00	Operational	19/09/2019 - 14:23
KE-OTOD-3	KE-OTOD-3		02/04/2020	9999-12-30 01:00:00	Operational	02/04/2020 - 11:58
KKD	KKD		02/06/2020	2020-06-16 07:54:00	DRAFT	02/06/2020 - 08:06
KKD	KKD		02/06/2020	2020-06-16 07:54:00	DECOMMISSIONED	16/06/2020 - 08:01
KKD	KKD groot onderhoud 20200624		24/06/2020	9999-12-30 01:00:00	DRAFT	24/06/2020 - 12:15
KKD	KKD groot onderhoud 20200624		24/06/2020	9999-12-30 01:00:00	Operational	24/06/2020 - 13:13
KOA HOWW	KOA HOWW 20200615		15/06/2020	9999-12-30 01:00:00	Operational	15/06/2020 - 13:39
KVB	KVB		19/12/2016	9999-12-30 00:00:00	Operational	19/12/2016 - 14:14
K_enS-apps	K_enS-apps		13/10/2016	9999-12-30 00:00:00	CANCELED	13/10/2016 - 12:56
K_en_S-appl	K_en_S-appl		13/10/2016	9999-12-30 00:00:00	DECOMMISSIONED	14/08/2017 - 10:05
K_en_S_apps	K_en_S_apps		13/10/2016	9999-12-30 00:00:00	CANCELED	13/10/2016 - 11:45
LAS	LAS		11/09/2014	9999-12-30 00:00:00	Operational	11/09/2014 - 10:58
Leerproject	Leren bij ons te werken		19/08/2016	9999-12-30 00:00:00	CANCELED	19/08/2016 - 13:40
Linux_een-mijnomgeving	Linux_een-mijnomgeving		22/10/2014	9999-12-30 00:00:00	CANCELED	22/10/2014 - 10:40
LIRA	Lira Lola in OTOD Cloud		26/08/2013	9999-12-30 00:00:00	DECOMMISSIONED	10/09/2015 - 19:11
LIRA	LIRA na GOH		29/11/2016	9999-12-30 00:00:00	Operational	29/11/2016 - 14:51
Lira Lola	Lira Lola		04/07/2014	2014-07-18 07:41:00	CANCELED	04/07/2014 - 10:39
Lira Lola	Lira Lola		04/07/2014	9999-12-30 00:00:00	CANCELED	04/07/2014 - 13:50
Lira Lola			09/07/2014	9999-12-30 00:00:00	DECOMMISSIONED	29/03/2018 - 17:57
Lira Lola_oracle	Lira Lola Oracle		19/08/2016	9999-12-30 00:00:00	DECOMMISSIONED	05/10/2017 - 17:05
Lira Lola_oracle	Lira Lola Oracle		12/08/2016	onbepaald	DRAFT	12/08/2016 - 16:29
Lira Lola_oracle	Lira Lola Oracle		12/08/2016	9999-12-30 00:00:00	CANCELED	12/08/2016 - 14:37
maildeltest2d	sdfsdf		09/04/2013	2013-04-11 15:07:00	DECOMMISSIONED	10/04/2013 - 11:11
maildeltest8d	maildeltest		09/04/2013	2013-04-17 15:06:00	DECOMMISSIONED	17/04/2013 - 17:10
mailmail12	mail test		13/02/2013	2013-12-30 00:00:00	DECOMMISSIONED	22/04/2013 - 10:55
mailreltest	mailreltest		23/01/2013	9999-12-30 00:00:00	DECOMMISSIONED	22/04/2013 - 12:10
MIMAS	MIMAS		20/09/2016	9999-12-30 00:00:00	Operational	20/09/2016 - 11:26
MIMAS	MIMAS cluster		03/06/2013	2013-06-17 12:45:00	DECOMMISSIONED	22/06/2013 - 09:45
MIMAS test	Mimas cluster		21/06/2013	9999-12-30 00:00:00	DECOMMISSION_FAILED	18/05/2018 - 12:00
MIV	Management Informatie Voorziening		03/03/2016	9999-12-30 00:00:00	CANCELED	03/03/2016 - 11:24
MIV	Management Informatie Voorziening		03/03/2016	9999-12-30 00:00:00	DECOMMISSIONED	22/11/2018 - 09:44
ModusOne GOH	ModusOne GOH		11/10/2016	9999-12-30 00:00:00	DECOMMISSIONED	11/10/2016 - 13:21
ModusOne goh	ModusOne goh		11/10/2016	9999-12-30 00:00:00	DECOMMISSIONED	24/10/2019 - 10:32
MOI-SMBA	MOI-SMBA		09/09/2014	9999-12-30 00:00:00	DECOMMISSIONED	19/06/2019 - 18:04
MOI-SMBA 20022018	MOI-SMBA 20022018		20/02/2018	9999-12-30 00:00:00	Operational	20/02/2018 - 15:57
MOI-SMBA_2	MOI-SMBA_2		08/12/2015	9999-12-30 00:00:00	DECOMMISSIONED	19/06/2019 - 18:08
MOI-SMBA_oracle	MOI-SMBA Oracle		26/08/2016	9999-12-30 00:00:00	DECOMMISSIONED	31/05/2018 - 15:00
MOI-SMBA_oracle	MOI-SMBA Oracle		12/08/2016	9999-12-30 00:00:00	CANCELED	12/08/2016 - 13:52
MOI-SMBA_oracle	MOI-SMBA Oracle		12/08/2016	9999-12-30 00:00:00	CANCELED	12/08/2016 - 14:06
MOI-SMBA_oracle	MOI-SMBA Oracle		12/08/2016	9999-12-30 00:00:00	CANCELED	12/08/2016 - 14:29
MOI-SMBA_oracle	MOI-SMBA Oracle		12/08/2016	9999-12-30 00:00:00	CANCELED	12/08/2016 - 16:18
MOM 2018	MOM 2018		24/04/2018	9999-12-30 00:00:00	CANCELED	24/04/2018 - 13:47
MOM 2018	MOM 2018		25/04/2018	9999-12-30 00:00:00	CANCELED	25/04/2018 - 12:03
MOM 2018	MOM 2018		25/04/2018	9999-12-30 00:00:00	CANCELED	25/04/2018 - 14:12
MOM 2018	MOM 2018		25/04/2018	9999-12-30 00:00:00	DRAFT	25/04/2018 - 14:18
MOM 2018	MOM 2018		25/04/2018	9999-12-30 00:00:00	Operational	25/04/2018 - 16:48
MOM 2018	MOM 2018		20/04/2018	9999-12-30 00:00:00	DRAFT	20/04/2018 - 10:09
MOM 2018	MOM 2018		20/04/2018	9999-12-30 00:00:00	CANCELED	20/04/2018 - 11:45
MOM 2018	MOM 2018		23/04/2018	9999-12-30 00:00:00	CANCELED	24/04/2018 - 08:16
MOM 2018	MOM 2018		24/04/2018	9999-12-30 00:00:00	CANCELED	24/04/2018 - 10:52
MOM 2018	MOM 2018		24/04/2018	9999-12-30 00:00:00	DRAFT	24/04/2018 - 11:44
MOM 2018	MOM 2018		24/04/2018	9999-12-30 00:00:00	CANCELED	24/04/2018 - 12:02
MOM_Inspire_20191101			04/11/2019	9999-12-30 00:00:00	Operational	04/11/2019 - 08:26
MQHotel	MQHotel		05/07/2018	9999-12-30 00:00:00	Operational	05/07/2018 - 10:11
nieuwe_range	nieuwe_range		14/10/2019	9999-12-30 01:00:00	DECOMMISSIONED	29/11/2019 - 12:54
nieuwe_range2	nieuwe_range2		14/10/2019	9999-12-30 01:00:00	DECOMMISSIONED	29/11/2019 - 13:05
NIM			10/06/2015	2015-06-24 15:19:00	DECOMMISSIONED	10/06/2015 - 18:27
NIMcheck			10/06/2015	2015-06-24 14:48:00	CANCELED	10/06/2015 - 17:18
Nog een Test	Kijken of OToD al vol zit		18/02/2013	9999-12-30 00:00:00	CANCELED	18/02/2013 - 14:53
NOW	NOW		09/04/2020	9999-12-30 01:00:00	DRAFT	09/04/2020 - 13:04
NOW	NOW		09/04/2020	9999-12-30 01:00:00	Operational	09/04/2020 - 13:24
OAM OIM	OAM OIM		18/02/2015	9999-12-30 00:00:00	DECOMMISSIONED	14/08/2017 - 10:14
OBI EE	OBI EE		29/11/2016	onbepaald	DRAFT	29/11/2016 - 13:49
OBI EE	OBI EE		29/11/2016	9999-12-30 01:00:00	DECOMMISSIONED	30/03/2020 - 18:09
OBI_20190611	OBI_20190611		11/06/2019	9999-12-30 00:00:00	Operational	11/06/2019 - 14:04
ODM	ODM Dev en Test		02/09/2019	9999-12-30 00:00:00	Operational	02/09/2019 - 10:47
ODS	ODS in de OTOD Cloud		07/08/2013	9999-12-30 00:00:00	CANCELED	07/08/2013 - 11:37
ODS Test	ODS in Test domein		20/08/2013	9999-12-30 00:00:00	DECOMMISSIONED	13/03/2015 - 12:56
ODS-T	ODS in OTOD Cloud		07/08/2013	9999-12-30 00:00:00	CANCELED	07/08/2013 - 13:04
OKL-FB-OTOD	OKL-FB-OTOD		15/03/2019	9999-12-30 00:00:00	DRAFT	15/03/2019 - 15:46
OKL-FB-OTOD	OKL-FB-OTOD		15/03/2019	9999-12-30 00:00:00	Operational	15/03/2019 - 16:22
OM	OM test servers		03/06/2013	9999-12-30 00:00:00	DECOMMISSIONED	10/08/2017 - 11:26
OM Robuust	OM Robuust		18/01/2017	9999-12-30 00:00:00	CANCELED	18/01/2017 - 17:23
OM-Robuust	OM-Robuust		18/01/2017	9999-12-30 00:00:00	CANCELED	18/01/2017 - 17:29
OMO	Oracle - MSoft - OpenSource POC		20/10/2016	onbepaald	DRAFT	20/10/2016 - 18:39
OMO	Oracle - MSoft - OpenSource POC		20/10/2016	9999-12-30 00:00:00	DECOMMISSIONED	10/11/2016 - 11:05
OMregieONT	OMregieONT		01/04/2015	9999-12-30 00:00:00	DECOMMISSIONED	10/08/2017 - 10:26
OM_Robuust	OM_Robuust		18/01/2017	9999-12-30 00:00:00	Operational	18/01/2017 - 17:52
onzin1	test321		23/11/2012	9999-12-30 00:00:00	DECOMMISSIONED	27/11/2012 - 11:14
OSB 12C	OSB 12C		01/12/2016	9999-12-30 00:00:00	Operational	01/12/2016 - 14:30
OToD	Controle en test		16/02/2015	9999-12-30 00:00:00	DECOMMISSIONED	04/02/2016 - 15:01
OToD oefen	Oefen server		30/07/2013	9999-12-30 00:00:00	DECOMMISSIONED	02/02/2015 - 15:04
Otod oefen 2	oefen project parte twee		04/07/2014	9999-12-30 00:00:00	DECOMMISSIONED	22/07/2014 - 11:46
OToD Portaal	OToD Portaal		02/05/2016	9999-12-30 00:00:00	Operational	02/05/2016 - 12:09
OTOD Tooling	OTOD Tooling Werkbedrijf		20/06/2018	9999-12-30 00:00:00	DRAFT	20/06/2018 - 08:55
OTOD Tooling	OTOD Tooling Werkbedrijf		20/06/2018	9999-12-30 00:00:00	DECOMMISSIONED	05/07/2018 - 10:30
OTOD Tooling	OTOD Tooling		05/07/2018	9999-12-30 00:00:00	Operational	05/07/2018 - 10:55
OTOD Tooling ST	OTOD Tooling ST		12/03/2019	9999-12-30 00:00:00	DECOMMISSIONED	12/03/2019 - 14:37
OToD-LPAR	LPAR test		09/01/2015	2015-01-23 16:46:00	DECOMMISSIONED	23/01/2015 - 17:01
otod_windows_klantexpert_20190	windows klantexpert		18/09/2019	9999-12-30 00:00:00	DRAFT	18/09/2019 - 08:24
otod_windows_klantexpert_20190	windows klantexpert		18/09/2019	9999-12-30 00:00:00	CANCELED	18/09/2019 - 08:40
otod_windows_klantexpert_20190	windows klantexpert		23/09/2019	9999-12-30 00:00:00	CANCELED	23/09/2019 - 10:11
otod_windows_klantexpert_20190	otod windows klantexpertise		03/09/2019	9999-12-30 00:00:00	CANCELED	16/09/2019 - 13:55
P7 TEST	P7 TEST		24/03/2019	9999-12-30 00:00:00	DECOMMISSIONED	26/03/2019 - 10:55
Pandora	Pandora		22/02/2016	9999-12-30 00:00:00	DECOMMISSIONED	16/11/2016 - 13:01
Pandora	Pandora en Subversion uitwijk en Releasestraat		27/07/2017	9999-12-30 00:00:00	DECOMMISSIONED	01/08/2017 - 17:06
Pandora	Pandora - Repository - Release		01/08/2017	onbepaald	DRAFT	01/08/2017 - 19:18
Pandora	Pandora - Repository - Release		01/08/2017	9999-12-30 00:00:00	DECOMMISSIONED	23/04/2018 - 10:31
Pandora	Pandora Monitoring		04/01/2017	9999-12-30 00:00:00	DECOMMISSIONED	27/07/2017 - 14:43
PAS	E-Afspraak bij 1e gebruiker SMZ		13/11/2018	9999-12-30 00:00:00	Operational	13/11/2018 - 11:55
PAS opleiding	PAS opleiding		27/11/2019	9999-12-30 01:00:00	DECOMMISSIONED	27/11/2019 - 14:24
PAS opleiding	PAS opleiding		04/12/2019	9999-12-30 01:00:00	DECOMMISSIONED	28/05/2020 - 09:41
PDI	PDI in OTOD		31/07/2013	9999-12-30 00:00:00	Operational	31/07/2013 - 14:20
PDI 04092019	PDI 04092019		04/09/2019	9999-12-30 00:00:00	Operational	04/09/2019 - 17:11
Peoplesoft	Peoplesoft		02/08/2016	9999-12-30 00:00:00	Operational	02/08/2016 - 11:01
Peoplesoft_Lab	Peoplesoft_Lab		02/09/2014	9999-12-30 00:00:00	DECOMMISSIONED	06/07/2016 - 15:00
PLM	PLM		15/09/2014	9999-12-30 00:00:00	CANCELED	15/09/2014 - 11:15
PLM	PLM		15/09/2014	9999-12-30 00:00:00	CANCELED	15/09/2014 - 11:20
PLM	PLM		15/09/2014	9999-12-30 00:00:00	CANCELED	15/09/2014 - 11:25
PLM	PLM		16/09/2014	9999-12-30 00:00:00	DECOMMISSIONED	14/05/2018 - 13:10
POC-ETL 11102018	POC-ETL 11102018		11/10/2018	9999-12-30 00:00:00	DECOMMISSIONED	15/05/2019 - 13:48
POC-Xebia	POC Xebia		10/03/2014	9999-12-30 00:00:00	Operational	10/03/2014 - 09:39
Polis Analyse Omgeving	Polis Analyse Omgeving		17/12/2018	9999-12-30 00:00:00	Operational	17/12/2018 - 16:09
Polis+	Polis+ in TEST		21/06/2013	9999-12-30 00:00:00	DECOMMISSIONED	25/02/2014 - 11:26
Portalen 2018	Portalen 2018		01/03/2018	9999-12-30 00:00:00	Operational	01/03/2018 - 11:02
Process mining BCK SMZ	Process mining BCK SMZ		06/11/2018	9999-12-30 00:00:00	Operational	06/11/2018 - 14:44
Proeftuin Herontwerp WW 201711	Proeftuin Herontwerp WW 201711		03/11/2017	9999-12-30 00:00:00	DRAFT	03/11/2017 - 14:03
Proeftuin Herontwerp WW 201711	Proeftuin Herontwerp WW 201711		03/11/2017	9999-12-30 00:00:00	Operational	03/11/2017 - 14:35
Proeftuin Herontwerp WW KIA	Proeftuin Herontwerp WW KIA		02/10/2018	9999-12-30 00:00:00	Operational	02/10/2018 - 17:10
Project-RIO-Herbouw-03102018	Project-RIO-Herbouw-03102018		03/10/2018	9999-12-30 00:00:00	CANCELED	03/10/2018 - 15:53
PRTG monitoring	PRTG monitoring		18/11/2016	onbepaald	DRAFT	18/11/2016 - 11:13
PRTG monitoring	PRTG monitoring		18/11/2016	9999-12-30 00:00:00	DECOMMISSIONED	22/03/2017 - 10:10
Puppet	Puppet		04/07/2017	9999-12-30 00:00:00	Operational	04/07/2017 - 09:50
Qlikview	Qlikview		04/10/2016	9999-12-30 00:00:00	Operational	04/10/2016 - 14:18
Qradar	Qradar omgeving		03/02/2015	9999-12-30 00:00:00	DECOMMISSIONED	01/03/2017 - 15:57
Qradar_oracle	Qradar omgeving Oracle		26/08/2016	9999-12-30 00:00:00	DECOMMISSIONED	01/03/2017 - 16:07
r12003test	dfsfd		29/05/2013	2013-06-12 09:50:00	CANCELED	29/05/2013 - 12:25
r12003test2	sdfdffd		29/05/2013	2013-06-12 10:37:00	CANCELED	29/05/2013 - 13:11
Rabo	Rabo in Otod Test		07/10/2014	9999-12-30 00:00:00	DECOMMISSION_FAILED	10/10/2014 - 18:54
RABO	RABO		14/10/2014	9999-12-30 00:00:00	DECOMMISSIONED	28/02/2017 - 10:38
RDP Polis Plus	RDP Polis Plus		18/12/2014	9999-12-30 00:00:00	Operational	18/12/2014 - 12:44
Reab	Reab test en ontwikkel servers		28/05/2013	9999-12-30 00:00:00	Operational	28/05/2013 - 13:21
Reab_Linux	REAB_Linux		10/09/2014	9999-12-30 00:00:00	DECOMMISSIONED	26/08/2016 - 15:48
Reab_Linux_oracle	Reab_Linux Oracle		26/08/2016	9999-12-30 00:00:00	DECOMMISSIONED	20/12/2018 - 16:54
Reab_Modus1	Reab_Modus1		14/07/2015	9999-12-30 00:00:00	DECOMMISSIONED	09/05/2017 - 10:22
Reab_oracle	Reab test en ontwikkel servers Oracle		12/08/2016	9999-12-30 00:00:00	Operational	12/08/2016 - 13:15
Rechtsorde 2018	Rechtsorde 2018		03/08/2018	9999-12-30 00:00:00	Operational	03/08/2018 - 12:19
Rekentools	Rekentools in Otod		04/02/2016	9999-12-30 00:00:00	Operational	04/02/2016 - 15:35
RIO Herbouw 03102018	RIO Herbouw 03102018		03/10/2018	9999-12-30 00:00:00	CANCELED	03/10/2018 - 15:00
RIO-Herbouw-04102018	RIO-Herbouw-04102018		04/10/2018	9999-12-30 00:00:00	CANCELED	04/10/2018 - 11:44
RIO-Herbouw-05102018	RIO-Herbouw-05102018		05/10/2018	2018-10-19 11:21:00	DECOMMISSIONED	19/10/2018 - 13:25
Rio-Herbouw-22102018	Rio-Herbouw-22102018		22/10/2018	9999-12-30 00:00:00	Operational	22/10/2018 - 07:47
RIO_03102018	RIO_03102018		03/10/2018	9999-12-30 00:00:00	CANCELED	03/10/2018 - 16:19
Scheiding Servicebus	Scheiding Servicebus		26/01/2018	9999-12-30 00:00:00	Operational	26/01/2018 - 10:32
scripttest	test		10/12/2013	2013-12-24 15:20:00	DECOMMISSIONED	11/12/2013 - 12:29
scripttest2	testestest		11/12/2013	2013-12-25 12:36:00	DECOMMISSIONED	12/12/2013 - 15:11
Selenium Framework	Selenium Framework	Ronald oomen	10/04/2017	9999-12-30 00:00:00	Operational	10/04/2017 - 14:32
sffd	sdfs		29/05/2013	2013-06-12 07:54:00	CANCELED	29/05/2013 - 10:30
sfsfsdhehjrtthdr	gdfhjethwfsdgerh		23/05/2013	2013-06-06 16:06:00	DECOMMISSIONED	27/05/2013 - 15:01
Sharepoint	Sharepoint		29/01/2019	9999-12-30 00:00:00	DRAFT	29/01/2019 - 17:54
Sharepoint	Sharepoint		29/01/2019	9999-12-30 00:00:00	Operational	29/01/2019 - 18:46
shareserverIBM	shareserverIBM		22/05/2013	9999-12-30 00:00:00	DECOMMISSIONED	06/06/2013 - 09:30
SI DEV 22112018	SI DEV 22112018		22/11/2018	9999-12-30 00:00:00	DRAFT	22/11/2018 - 11:15
SI DEV 22112018	SI DEV 22112018		22/11/2018	9999-12-30 00:00:00	Operational	22/11/2018 - 12:24
SI Test	SI Testomgeving		01/08/2018	9999-12-30 00:00:00	CANCELED	01/08/2018 - 07:12
SI Test	SI Test		01/08/2018	9999-12-30 00:00:00	Operational	01/08/2018 - 08:20
SI Test	SI Test		25/06/2018	9999-12-30 00:00:00	CANCELED	25/06/2018 - 09:59
SI-BIT 17012018	SI-BIT 17012018		17/01/2018	9999-12-30 00:00:00	Operational	17/01/2018 - 14:05
SI_BIT	SI_BIT		29/09/2017	9999-12-30 00:00:00	Operational	29/09/2017 - 09:40
Sjaak	Sjaak		22/02/2018	9999-12-30 00:00:00	Operational	22/02/2018 - 13:17
slawomir			02/04/2015	onbepaald	DECOMMISSIONED	10/04/2015 - 13:17
SMF	SMF in OTOD Cloud		19/03/2014	9999-12-30 00:00:00	CANCELED	19/03/2014 - 14:23
SMF	AIX development voor SMF		05/05/2014	9999-12-30 00:00:00	Operational	05/05/2014 - 11:13
SMF-2	2e SMF project		10/11/2015	9999-12-30 00:00:00	Operational	10/11/2015 - 12:04
SMZ - BRAVO	SMZ - BRAVO		01/09/2014	9999-12-30 00:00:00	CANCELED	01/09/2014 - 11:05
SMZ-BRAVO	SMZ BRAVO		01/09/2014	9999-12-30 00:00:00	Operational	01/09/2014 - 11:45
SMZ-RDP	Testwerkplek in Otod voor SMZ		10/11/2014	9999-12-30 01:00:00	DECOMMISSIONED	13/01/2020 - 10:30
Sofie	Sofie		01/04/2020	9999-12-30 01:00:00	Operational	01/04/2020 - 10:32
Sonar	CRM klantvolgsysteem		06/01/2016	9999-12-30 00:00:00	CANCELED	07/01/2016 - 10:11
Sonar	CRM klantvolgsysteem		07/01/2016	9999-12-30 00:00:00	Operational	07/01/2016 - 11:34
Sonar EA 09042019	Sonar EA 09042019		09/04/2019	9999-12-30 00:00:00	Operational	09/04/2019 - 12:53
Sonar TO2	Sonar TO2		28/02/2020	9999-12-30 01:00:00	Operational	28/02/2020 - 15:06
Sonar TT2	Sonar TT2		11/02/2020	9999-12-30 01:00:00	DRAFT	11/02/2020 - 10:29
Sonar TT2	Sonar TT2		11/02/2020	9999-12-30 01:00:00	Operational	11/02/2020 - 10:59
sonar-t1	sonar-t1		09/01/2017	9999-12-30 00:00:00	CANCELED	09/01/2017 - 11:30
sonar-t5	Sonar TT5		23/11/2018	9999-12-30 00:00:00	Operational	23/11/2018 - 12:05
Sonar-_-T1	Sonar T1		09/01/2017	9999-12-30 00:00:00	CANCELED	09/01/2017 - 11:42
SonarQube	SonarQube		09/10/2018	9999-12-30 00:00:00	Operational	09/10/2018 - 12:41
SonarT1	SonarT1		09/01/2017	9999-12-30 00:00:00	CANCELED	09/01/2017 - 11:13
Sonar_IP_2019			04/11/2019	9999-12-30 00:00:00	Operational	04/11/2019 - 11:29
Sonar___T1	Sonar T1		09/01/2017	9999-12-30 00:00:00	CANCELED	09/01/2017 - 12:03
Speeltuin_TSC	Speeltuin_TSC		02/09/2016	9999-12-30 00:00:00	CANCELED	02/09/2016 - 13:09
Spiegel	Spiegel		22/03/2018	9999-12-30 01:00:00	DECOMMISSIONED	30/01/2020 - 10:15
STEV 06082018	STEV 06082018		06/08/2018	9999-12-30 00:00:00	DRAFT	06/08/2018 - 12:50
STEV 06082018	STEV 06082018		06/08/2018	9999-12-30 00:00:00	Operational	06/08/2018 - 13:53
Stubstore	Stub store		14/05/2014	9999-12-30 00:00:00	DECOMMISSIONED	20/01/2017 - 13:45
Subversion	Versiebeheer in DEV		06/09/2013	9999-12-30 00:00:00	CANCELED	06/09/2013 - 09:17
Subversion DEV	Subversion in DEV		10/09/2013	9999-12-30 00:00:00	DECOMMISSIONED	03/02/2014 - 12:39
Systemteam-load-balancing	Systemteam-load-balancing		23/12/2019	9999-12-30 01:00:00	DRAFT	23/12/2019 - 12:06
Systemteam-load-balancing	Systemteam-load-balancing		23/12/2019	9999-12-30 01:00:00	Operational	23/12/2019 - 12:57
T-Beheerserver	T-Beheerserver		23/04/2013	9999-12-30 00:00:00	CANCELED	23/04/2013 - 10:13
TAF 2018	TAF		12/03/2018	9999-12-30 00:00:00	Operational	12/03/2018 - 14:38
Taskforce			30/01/2014	9999-12-30 00:00:00	DECOMMISSIONED	25/02/2014 - 10:59
TBeheer			23/04/2013	9999-12-30 00:00:00	DECOMMISSIONED	24/04/2013 - 10:21
TCCA	Test Cloud Core Availability		15/02/2013	9999-12-30 00:00:00	DECOMMISSIONED	20/02/2013 - 16:19
test	test		08/04/2014	2014-05-31 12:07:00	CANCELED	08/04/2014 - 14:24
Test 2003 DEV	Test 2003		17/05/2013	2013-05-31 08:53:00	DECOMMISSIONED	22/05/2013 - 17:58
Test Beheer	Beheerserver(s) voor Test		02/05/2013	9999-12-30 00:00:00	DECOMMISSIONED	27/05/2013 - 15:03
Test project	test project	Klaas Vaak		onbepaald	In gebruik	14/11/2019 - 13:08
Test project				onbepaald	up en running	14/11/2019 - 13:13
test project from image	Project from image test		17/07/2014	2014-07-24 11:34:00	CANCELED	17/07/2014 - 13:37
Test123project				onbepaald	Operational	14/11/2019 - 13:16
test2	test2		22/10/2012	2012-11-05 12:06:00	DECOMMISSIONED	27/11/2012 - 10:44
test200364	jhdfdf		29/05/2013	2013-06-12 08:55:00	CANCELED	29/05/2013 - 11:44
test2016	Test 2016		23/06/2017	9999-12-30 00:00:00	DECOMMISSIONED	07/07/2017 - 13:14
test512mb	512mbtest		23/11/2012	9999-12-30 00:00:00	DECOMMISSIONED	27/11/2012 - 10:45
testaix	aix in o		24/04/2013	9999-12-30 00:00:00	DECOMMISSIONED	06/05/2013 - 14:24
TestBeheer	Beheerserver voor TEST domein		07/05/2013	9999-12-30 00:00:00	CANCELED	07/05/2013 - 16:29
testhd1_5	test HD 5 stuks		28/11/2012	9999-12-30 00:00:00	DECOMMISSIONED	22/04/2013 - 10:57
testimagebak6	sdsdf		23/05/2013	2013-06-06 14:56:00	DECOMMISSIONED	23/05/2013 - 18:05
testmailtest1	wat een getest		13/02/2013	9999-12-30 00:00:00	DECOMMISSIONED	13/02/2013 - 14:35
testmoment1	test		26/03/2013	9999-12-30 00:00:00	DECOMMISSIONED	22/04/2013 - 10:58
testsavefrommg			10/04/2013	2013-04-24 09:22:00	DECOMMISSIONED	22/04/2013 - 10:59
testscript1	test		01/05/2013	2013-05-15 10:49:00	DECOMMISSIONED	23/05/2013 - 11:55
testscript2	dfsdf		03/05/2013	2013-05-17 11:11:00	DECOMMISSIONED	23/05/2013 - 11:55
test_20180911			11/09/2018	2018-09-25 08:49:00	DRAFT	11/09/2018 - 11:05
test_20180911			11/09/2018	2018-09-25 08:49:00	CANCELED	11/09/2018 - 11:09
test_beta20180911			11/09/2018	2018-09-25 09:16:00	DECOMMISSIONED	25/09/2018 - 11:19
TET	TET servers in DEV	Ronald Weldam	04/06/2013	9999-12-30 00:00:00	Operational	04/06/2013 - 09:55
TFS	TFS		01/05/2019	9999-12-30 00:00:00	Operational	01/05/2019 - 14:56
TFS_20190401			01/04/2019	9999-12-30 00:00:00	CANCELED	01/04/2019 - 07:25
TFS_20190401			01/04/2019	9999-12-30 00:00:00	CANCELED	01/04/2019 - 07:41
TFS_20190401			03/04/2019	9999-12-30 00:00:00	CANCELED	03/04/2019 - 08:50
TFS_20190401			03/04/2019	9999-12-30 00:00:00	Operational	03/04/2019 - 14:32
TIM	TIM		12/09/2019	9999-12-30 00:00:00	Operational	12/09/2019 - 12:48
TL KenSMZ	TL KenSMZ		10/11/2014	9999-12-30 00:00:00	CANCELED	10/11/2014 - 13:26
TL KenSMZ	TL KenSMZ		10/11/2014	9999-12-30 00:00:00	CANCELED	10/11/2014 - 14:05
TL KenSMZ	TL KenSMZ		11/11/2014	9999-12-30 00:00:00	CANCELED	11/11/2014 - 14:31
TL KenSMZ	TL KenSMZ		13/11/2014	9999-12-30 00:00:00	DECOMMISSIONED	02/12/2014 - 09:06
TL KenSMZ	TL KenSMZ		02/12/2014	9999-12-30 00:00:00	Operational	02/12/2014 - 10:09
TLCA	Test LPar Core Availability		15/02/2013	9999-12-30 00:00:00	CANCELED	15/02/2013 - 14:55
Toekomstvast Inputmanagement	Toekomstvast Inputmanagement		08/08/2017	9999-12-30 00:00:00	Operational	08/08/2017 - 13:44
TOV IV-WERKBedrijf	TOV IV-WERKBedrijf 20200702		02/07/2020	9999-12-30 01:00:00	Operational	02/07/2020 - 12:45
TriplEforms	Test tripleforms Kodision	Niels Geertsema	17/02/2016	9999-12-30 00:00:00	Operational	17/02/2016 - 14:00
TSA-SMZ	TSA-SMZ		06/02/2020	9999-12-30 01:00:00	Operational	06/02/2020 - 11:34
TSC Speeltuin	TSC Speeltuin		02/09/2016	9999-12-30 00:00:00	CANCELED	02/09/2016 - 12:24
TSC-Speeltuin	TSC-Speeltuin		02/09/2016	9999-12-30 00:00:00	CANCELED	02/09/2016 - 12:40
TSC-_-Speeltuin	TSC-_-Speeltuin		05/09/2016	9999-12-30 00:00:00	Operational	05/09/2016 - 12:56
TSC_Speeltuin	TSC_Speeltuin		02/09/2016	9999-12-30 00:00:00	CANCELED	02/09/2016 - 12:32
TSC__Speeltuin	TSC Speeltuin		02/09/2016	9999-12-30 00:00:00	CANCELED	02/09/2016 - 17:35
Tweede accept - eFlow	Tweede accept - eFlow	Remo Cantatore	03/08/2015	9999-12-30 00:00:00	DECOMMISSIONED	14/02/2017 - 16:22
Tweede accept - MOM	Tweede accept - MOM		03/08/2015	9999-12-30 00:00:00	DECOMMISSIONED	19/01/2016 - 17:01
Tweede accept __ MOM	Tweede accept - MOM		19/01/2016	onbepaald	DRAFT	19/01/2016 - 18:19
Tweede accept __ MOM	Tweede accept - MOM		19/01/2016	9999-12-30 00:00:00	DECOMMISSIONED	24/04/2019 - 14:16
Tweede T-omgeving Zomer - DRL	Tweede T-omgeving Zomer	Remo Cantatore	06/07/2015	9999-12-30 01:00:00	DECOMMISSIONED	16/12/2019 - 10:38
TWNL	TWNL		12/07/2017	9999-12-30 00:00:00	Operational	12/07/2017 - 13:12
TWS Generiek 14082019	TWS Generiek 14082019		14/08/2019	9999-12-30 00:00:00	Operational	14/08/2019 - 15:43
UGC_USA_EPM	UGC_USA_EPM		06/04/2016	9999-12-30 00:00:00	Operational	06/04/2016 - 11:16
Uitkeren Polis+	Uitkeren Polis+		24/01/2014	9999-12-30 00:00:00	Operational	24/01/2014 - 15:37
UPA	BRP Stabilisatie UPA		01/09/2015	9999-12-30 01:00:00	DECOMMISSIONED	05/03/2020 - 11:01
UPA__BRP	UPA BRP		09/09/2015	9999-12-30 00:00:00	DECOMMISSIONED	18/09/2018 - 15:10
Vera	Ontslagvergunningen		05/01/2016	onbepaald	DRAFT	05/01/2016 - 14:03
Vera	Ontslagvergunningen		05/01/2016	9999-12-30 00:00:00	Operational	05/01/2016 - 13:22
VERA 2	VERA 2		08/08/2017	9999-12-30 00:00:00	DECOMMISSIONED	10/08/2017 - 09:56
VERA-2	VERA-2		02/08/2017	9999-12-30 00:00:00	DECOMMISSIONED	02/08/2017 - 11:34
Vera-TK			28/10/2016	onbepaald	DRAFT	28/10/2016 - 15:54
Vera-TK			28/10/2016	9999-12-30 00:00:00	Operational	28/10/2016 - 14:12
Vera_oracle	Ontslagvergunningen oracle		12/08/2016	onbepaald	DRAFT	12/08/2016 - 16:24
Vera_oracle	Ontslagvergunningen oracle		12/08/2016	9999-12-30 00:00:00	Operational	12/08/2016 - 14:36
Versiebeheer	Versiebeheer server in DEV		05/09/2013	9999-12-30 00:00:00	CANCELED	05/09/2013 - 14:22
Versiebeheer DEV	Versiebeheer met Subversion		09/09/2013	9999-12-30 00:00:00	CANCELED	09/09/2013 - 14:22
VIO-Upgrade			01/06/2015	2015-06-03 22:25:00	DECOMMISSIONED	02/06/2015 - 18:05
VIOB	VIOB		04/09/2017	9999-12-30 00:00:00	Operational	04/09/2017 - 17:40
VIOB 03092019	VIOB 03092019		03/09/2019	9999-12-30 00:00:00	Operational	03/09/2019 - 15:21
VIOB 07-04-2020	VIOB 07-04-2020		07/04/2020	9999-12-30 01:00:00	DRAFT	07/04/2020 - 14:04
VIOB 07-04-2020	VIOB 07-04-2020		07/04/2020	9999-12-30 01:00:00	Operational	07/04/2020 - 14:26
VIOB-27-2-2020	VIOB-27-2-2020		27/02/2020	9999-12-30 01:00:00	Operational	27/02/2020 - 12:53
VIOB_02-03-2020	VIOB_02-03-2020		02/03/2020	9999-12-30 01:00:00	CANCELED	02/03/2020 - 14:54
VIOB_02-03-2020	VIOB_02-03-2020		02/03/2020	9999-12-30 01:00:00	Operational	02/03/2020 - 17:14
Virtualize	Virtualize		20/01/2017	9999-12-30 00:00:00	Operational	20/01/2017 - 14:05
vmtest111	sdfd		07/05/2013	9999-12-30 00:00:00	DECOMMISSIONED	07/05/2013 - 15:39
W2003 DEV			26/04/2013	9999-12-30 00:00:00	CANCELED	26/04/2013 - 14:23
W2003 Test			26/04/2013	9999-12-30 00:00:00	CANCELED	26/04/2013 - 14:14
W2003R2 TEST			26/04/2013	9999-12-30 00:00:00	CANCELED	26/04/2013 - 14:59
W2012V2 Test	W2012V2 Test		10/02/2014	9999-12-30 00:00:00	CANCELED	10/02/2014 - 10:25
W2012V2 Test	W2012V2 Test		10/02/2014	9999-12-30 00:00:00	DECOMMISSIONED	11/02/2014 - 10:55
W2K12R2			11/06/2015	2015-06-25 17:05:00	DECOMMISSIONED	11/06/2015 - 19:55
Wajong	Particitatie wet		05/08/2014	9999-12-30 00:00:00	DECOMMISSIONED	02/05/2018 - 09:02
Wajong participatie	Integrale activering Wajong		01/08/2014	9999-12-30 00:00:00	CANCELED	01/08/2014 - 13:49
Wajong Participatie	Participatie wet		04/08/2014	9999-12-30 00:00:00	CANCELED	05/08/2014 - 13:54
WBD Java TOV	WBD Java TOV		14/07/2020	9999-12-30 01:00:00	Operational	14/07/2020 - 15:43
WBS	WBS		11/04/2016	9999-12-30 00:00:00	Operational	11/04/2016 - 12:40
WBS2	WBS2		23/02/2017	onbepaald	DRAFT	23/02/2017 - 16:14
WBS2	WBS2		23/02/2017	9999-12-30 00:00:00	CANCELED	23/02/2017 - 15:19
Werk-nl	Werk-nl		08/01/2016	9999-12-30 00:00:00	Operational	08/01/2016 - 14:53
Werk-nl_oracle	Werk-nl Oracle		12/08/2016	9999-12-30 00:00:00	Operational	12/08/2016 - 14:11
Werkbedrijf-ontwikkel	Werkbedrijf ontwikkel servers		21/04/2016	9999-12-30 00:00:00	Operational	21/04/2016 - 11:20
Werknl straat 4	Werknl straat 4		28/10/2019	9999-12-30 00:00:00	Operational	28/10/2019 - 14:47
Werkplek	Werkplek Project KPN		02/06/2017	onbepaald	DRAFT	02/06/2017 - 12:19
Werkplek	Werkplek Project KPN		02/06/2017	9999-12-30 00:00:00	Operational	02/06/2017 - 10:46
Werkver_straat3_2019	Werkverkenner straat3		01/10/2019	9999-12-30 00:00:00	Operational	01/10/2019 - 11:56
Werk_nl Overige	Overige		05/01/2016	2016-01-05 11:28:00	Operational	05/01/2016 - 12:29
Werk_nl Overige	Overige		05/01/2016	9999-12-30 00:00:00	Operational	05/01/2016 - 11:46
win2k3imagetest2	fgf		13/05/2013	9999-12-30 00:00:00	DECOMMISSIONED	22/05/2013 - 17:56
Winter	Winter Robuust		17/04/2014	9999-12-30 00:00:00	Operational	17/04/2014 - 12:20
win_klantexp_2019	otod_windows_klantexpert_20190903		26/09/2019	9999-12-30 00:00:00	CANCELED	26/09/2019 - 10:21
win_klantexp_2019	otod_windows_klantexpert_20191001		01/10/2019	9999-12-30 00:00:00	CANCELED	01/10/2019 - 06:05
win_klantexp_2019	otod_windows_klantexpert_20191001		02/10/2019	9999-12-30 00:00:00	DRAFT	02/10/2019 - 11:34
win_klantexp_2019	otod_windows_klantexpert_20191001		02/10/2019	9999-12-30 00:00:00	Operational	02/10/2019 - 12:14
WORK IT 03012019	WORK IT 03012019		02/01/2019	9999-12-30 00:00:00	DRAFT	02/01/2019 - 15:07
WORK IT 03012019	WORK IT 03012019		02/01/2019	9999-12-30 00:00:00	DECOMMISSIONED	29/05/2019 - 13:32
Workflow 26092018	Workflow 26092018		26/09/2018	9999-12-30 00:00:00	DECOMMISSIONED	18/07/2019 - 14:19
WTL	WTL		01/08/2017	9999-12-30 00:00:00	Operational	01/08/2017 - 11:39
XL Deploy	XL Deploy		01/08/2019	9999-12-30 00:00:00	Operational	01/08/2019 - 14:34
Zau	zau		18/07/2016	9999-12-30 00:00:00	Operational	18/07/2016 - 14:29
Zomer 02082018	Zomer 02082018		02/08/2018	9999-12-30 00:00:00	Operational	02/08/2018 - 11:16
Zomer_20190107	GOH Zomer		08/01/2019	9999-12-30 00:00:00	DRAFT	08/01/2019 - 10:34
Zomer_20190107	GOH Zomer		08/01/2019	9999-12-30 00:00:00	Operational	08/01/2019 - 10:47
ZW-Arbo 17012018	ZW-Arbo 17012018		17/01/2018	9999-12-30 00:00:00	Operational	17/01/2018 - 08:43
