field_collection_item|field_server_configuratie|0|58|58|und|0|60|60
field_collection_item|field_server_configuratie|0|61|61|und|0|63|63
field_collection_item|field_server_configuratie|0|64|64|und|0|66|66
field_collection_item|field_server_configuratie1|0|67|67|und|0|69|69
field_collection_item|field_server_configuratie|0|70|70|und|0|72|72
field_collection_item|field_server_configuratie1|0|73|73|und|0|74|74
field_collection_item|field_server_configuratie|0|81|81|und|0|83|83
field_collection_item|field_server_configuratie1|0|89|89|und|0|90|90
field_collection_item|field_server_configuratie1|0|92|92|und|0|93|93
field_collection_item|field_server_configuratie1|0|95|95|und|0|96|96
field_collection_item|field_server_configuratie1|0|107|107|und|0|109|109
field_collection_item|field_server_configuratie|0|110|110|und|0|112|112
field_collection_item|field_server_configuratie|0|135|135|und|0|137|137
field_collection_item|field_server_configuratie|0|135|135|und|1|138|138
field_collection_item|field_server_configuratie|0|135|135|und|2|139|139
field_collection_item|field_server_configuratie1|0|188|188|und|0|189|189
field_collection_item|field_server_configuratie1|0|191|191|und|0|192|192
field_collection_item|field_server_configuratie|0|194|194|und|0|196|196
field_collection_item|field_server_configuratie1|0|197|197|und|0|198|198
field_collection_item|field_server_configuratie1|0|202|202|und|0|203|203
field_collection_item|field_server_configuratie1|0|205|205|und|0|206|206
field_collection_item|field_server_configuratie1|0|208|208|und|0|209|209
field_collection_item|field_server_configuratie1|0|208|208|und|1|210|210
field_collection_item|field_server_configuratie1|0|208|208|und|2|211|211
field_collection_item|field_server_configuratie1|0|208|208|und|3|212|212
field_collection_item|field_server_configuratie|0|231|231|und|0|233|233
field_collection_item|field_server_configuratie1|0|270|270|und|0|271|271
field_collection_item|field_server_configuratie1|0|273|273|und|0|274|274
field_collection_item|field_server_configuratie1|0|276|276|und|0|277|277
field_collection_item|field_server_configuratie1|0|279|279|und|0|280|280
field_collection_item|field_server_configuratie1|0|282|282|und|0|283|283
field_collection_item|field_server_configuratie1|0|285|285|und|0|286|286
field_collection_item|field_server_configuratie1|0|288|288|und|0|289|289
field_collection_item|field_server_configuratie1|0|305|305|und|0|306|306
field_collection_item|field_server_configuratie1|0|308|308|und|0|309|309
field_collection_item|field_server_configuratie|0|311|311|und|0|313|313
field_collection_item|field_server_configuratie1|0|314|314|und|0|316|316
field_collection_item|field_server_configuratie1|0|314|314|und|1|317|317
field_collection_item|field_server_configuratie1|0|320|320|und|0|321|321
field_collection_item|field_server_configuratie1|0|331|331|und|0|332|332
field_collection_item|field_server_configuratie1|0|334|334|und|0|335|335
field_collection_item|field_server_configuratie1|0|337|337|und|0|338|338
field_collection_item|field_server_configuratie1|0|337|337|und|1|339|339
field_collection_item|field_server_configuratie1|0|345|345|und|0|346|346
field_collection_item|field_server_configuratie1|0|348|348|und|0|349|349
field_collection_item|field_server_configuratie1|0|351|351|und|0|352|352
field_collection_item|field_server_configuratie1|0|358|358|und|0|359|359
field_collection_item|field_server_configuratie1|0|358|358|und|1|360|360
field_collection_item|field_server_configuratie1|0|417|417|und|0|418|418
field_collection_item|field_server_configuratie|0|432|432|und|0|434|434
field_collection_item|field_server_configuratie1|0|447|447|und|0|448|448
field_collection_item|field_server_configuratie1|0|450|450|und|0|451|451
field_collection_item|field_server_configuratie1|0|453|453|und|0|454|454
field_collection_item|field_server_configuratie1|0|456|456|und|0|457|457
field_collection_item|field_server_configuratie1|0|459|459|und|0|460|460
field_collection_item|field_server_configuratie|0|476|476|und|0|478|478
field_collection_item|field_server_configuratie|0|485|485|und|0|487|487
field_collection_item|field_server_configuratie1|0|492|492|und|0|494|494
field_collection_item|field_server_configuratie|0|495|495|und|0|497|497
field_collection_item|field_server_configuratie|0|505|505|und|0|507|507
field_collection_item|field_server_configuratie1|0|508|508|und|0|509|509
field_collection_item|field_server_configuratie|0|514|514|und|0|516|516
field_collection_item|field_server_configuratie|0|517|517|und|0|519|519
field_collection_item|field_server_configuratie|0|517|517|und|1|520|520
field_collection_item|field_server_configuratie|0|517|517|und|2|521|521
field_collection_item|field_server_configuratie|0|524|524|und|0|526|526
field_collection_item|field_server_configuratie|0|524|524|und|1|527|527
field_collection_item|field_server_configuratie|0|524|524|und|2|528|528
field_collection_item|field_server_configuratie|0|545|545|und|0|547|547
field_collection_item|field_server_configuratie|0|550|550|und|0|552|552
field_collection_item|field_server_configuratie|0|550|550|und|1|553|553
field_collection_item|field_server_configuratie|0|550|550|und|2|554|554
field_collection_item|field_server_configuratie|0|555|555|und|0|557|557
field_collection_item|field_server_configuratie|0|558|558|und|0|560|560
field_collection_item|field_server_configuratie|0|571|571|und|0|573|573
field_collection_item|field_server_configuratie|0|574|574|und|0|576|576
field_collection_item|field_server_configuratie1|0|577|577|und|0|578|578
field_collection_item|field_server_configuratie1|0|580|580|und|0|581|581
field_collection_item|field_server_configuratie1|0|593|593|und|0|594|594
field_collection_item|field_server_configuratie1|0|596|596|und|0|597|597
field_collection_item|field_server_configuratie1|0|599|599|und|0|600|600
field_collection_item|field_server_configuratie1|0|602|602|und|0|603|603
field_collection_item|field_server_configuratie1|0|605|605|und|0|606|606
field_collection_item|field_server_configuratie1|0|608|608|und|0|609|609
field_collection_item|field_server_configuratie1|0|611|611|und|0|612|612
field_collection_item|field_server_configuratie1|0|614|614|und|0|615|615
field_collection_item|field_server_configuratie1|0|617|617|und|0|618|618
field_collection_item|field_server_configuratie1|0|627|627|und|0|633|633
field_collection_item|field_server_configuratie|0|634|634|und|0|636|636
field_collection_item|field_server_configuratie1|0|637|637|und|0|638|638
field_collection_item|field_server_configuratie|0|644|644|und|0|646|646
field_collection_item|field_server_configuratie|0|644|644|und|1|647|647
field_collection_item|field_server_configuratie|0|650|650|und|0|652|652
field_collection_item|field_server_configuratie|0|653|653|und|0|655|655
field_collection_item|field_server_configuratie1|0|656|656|und|0|657|657
field_collection_item|field_server_configuratie1|0|659|659|und|0|660|660
field_collection_item|field_server_configuratie1|0|662|662|und|0|663|663
field_collection_item|field_server_configuratie1|0|665|665|und|0|666|666
field_collection_item|field_server_configuratie|0|672|672|und|0|674|674
field_collection_item|field_server_configuratie|0|672|672|und|1|675|675
field_collection_item|field_server_configuratie|0|676|676|und|0|678|678
field_collection_item|field_server_configuratie|0|679|679|und|0|681|681
field_collection_item|field_server_configuratie|0|682|682|und|0|684|684
field_collection_item|field_server_configuratie1|0|687|687|und|0|688|688
field_collection_item|field_server_configuratie|0|690|690|und|0|692|692
field_collection_item|field_server_configuratie|0|690|690|und|1|693|693
field_collection_item|field_server_configuratie1|0|702|702|und|0|703|703
field_collection_item|field_server_configuratie1|0|705|705|und|0|706|706
field_collection_item|field_server_configuratie1|0|708|708|und|0|709|709
field_collection_item|field_server_configuratie1|0|711|711|und|0|712|712
field_collection_item|field_server_configuratie|0|714|714|und|0|716|716
field_collection_item|field_server_configuratie|0|717|717|und|0|719|719
field_collection_item|field_server_configuratie|0|720|720|und|0|722|722
field_collection_item|field_server_configuratie1|0|723|723|und|0|724|724
field_collection_item|field_server_configuratie1|0|726|726|und|0|727|727
field_collection_item|field_server_configuratie1|0|729|729|und|0|730|730
field_collection_item|field_server_configuratie|0|754|754|und|0|756|756
field_collection_item|field_server_configuratie1|0|757|757|und|0|758|758
field_collection_item|field_server_configuratie1|0|760|760|und|0|761|761
field_collection_item|field_server_configuratie1|0|763|763|und|0|764|764
field_collection_item|field_server_configuratie1|0|766|766|und|0|767|767
field_collection_item|field_server_configuratie1|0|769|769|und|0|770|770
field_collection_item|field_server_configuratie1|0|772|772|und|0|773|773
field_collection_item|field_server_configuratie|0|775|775|und|0|777|777
field_collection_item|field_server_configuratie1|0|778|778|und|0|779|779
field_collection_item|field_server_configuratie1|0|783|783|und|0|784|784
field_collection_item|field_server_configuratie1|0|786|786|und|0|787|787
field_collection_item|field_server_configuratie1|0|789|789|und|0|790|790
field_collection_item|field_server_configuratie|0|792|792|und|0|794|794
field_collection_item|field_server_configuratie1|0|795|795|und|0|796|796
field_collection_item|field_server_configuratie1|0|800|800|und|0|801|801
field_collection_item|field_server_configuratie1|0|803|803|und|0|804|804
field_collection_item|field_server_configuratie1|0|803|803|und|1|805|805
field_collection_item|field_server_configuratie1|0|807|807|und|0|808|808
field_collection_item|field_server_configuratie1|0|810|810|und|0|811|811
field_collection_item|field_server_configuratie1|0|813|813|und|0|814|814
field_collection_item|field_server_configuratie1|0|816|816|und|0|817|817
field_collection_item|field_server_configuratie1|0|819|819|und|0|820|820
field_collection_item|field_server_configuratie1|0|822|822|und|0|823|823
field_collection_item|field_server_configuratie|0|827|827|und|0|829|829
field_collection_item|field_server_configuratie|0|827|827|und|1|830|830
field_collection_item|field_server_configuratie|0|827|827|und|2|831|831
field_collection_item|field_server_configuratie|0|840|840|und|0|842|842
field_collection_item|field_server_configuratie|0|840|840|und|1|843|843
field_collection_item|field_server_configuratie|0|840|840|und|2|844|844
field_collection_item|field_server_configuratie|0|857|857|und|0|859|859
field_collection_item|field_server_configuratie|0|861|861|und|0|863|863
field_collection_item|field_server_configuratie1|0|864|864|und|0|865|865
field_collection_item|field_server_configuratie1|0|867|867|und|0|868|868
field_collection_item|field_server_configuratie1|0|870|870|und|0|871|871
field_collection_item|field_server_configuratie1|0|873|873|und|0|874|874
field_collection_item|field_server_configuratie|0|876|876|und|0|878|878
field_collection_item|field_server_configuratie1|0|879|879|und|0|880|880
field_collection_item|field_server_configuratie1|0|882|882|und|0|883|883
field_collection_item|field_server_configuratie1|0|885|885|und|0|886|886
field_collection_item|field_server_configuratie|0|888|888|und|0|890|890
field_collection_item|field_server_configuratie1|0|895|895|und|0|896|896
field_collection_item|field_server_configuratie1|0|914|914|und|0|915|915
field_collection_item|field_server_configuratie|0|917|917|und|0|919|919
field_collection_item|field_server_configuratie|0|917|917|und|1|920|920
field_collection_item|field_server_configuratie|0|917|917|und|2|921|921
field_collection_item|field_server_configuratie1|0|922|922|und|0|923|923
field_collection_item|field_server_configuratie1|0|927|927|und|0|928|928
field_collection_item|field_server_configuratie1|0|930|930|und|0|931|931
field_collection_item|field_server_configuratie1|0|935|935|und|0|936|936
field_collection_item|field_server_configuratie|0|938|938|und|0|940|940
field_collection_item|field_server_configuratie|0|938|938|und|1|941|941
field_collection_item|field_server_configuratie|0|942|942|und|0|944|944
field_collection_item|field_server_configuratie|0|942|942|und|1|945|945
field_collection_item|field_server_configuratie1|0|946|946|und|0|947|947
field_collection_item|field_server_configuratie1|0|946|946|und|1|948|948
field_collection_item|field_server_configuratie1|0|950|950|und|0|951|951
field_collection_item|field_server_configuratie1|0|950|950|und|1|952|952
field_collection_item|field_server_configuratie1|0|954|954|und|0|955|955
field_collection_item|field_server_configuratie1|0|954|954|und|1|956|956
field_collection_item|field_server_configuratie1|0|958|958|und|0|959|959
field_collection_item|field_server_configuratie1|0|958|958|und|1|960|960
field_collection_item|field_server_configuratie1|0|962|962|und|0|963|963
field_collection_item|field_server_configuratie1|0|962|962|und|1|964|964
field_collection_item|field_server_configuratie1|0|966|966|und|0|967|967
field_collection_item|field_server_configuratie1|0|966|966|und|1|968|968
field_collection_item|field_server_configuratie1|0|966|966|und|2|969|969
field_collection_item|field_server_configuratie|0|971|971|und|0|973|973
field_collection_item|field_server_configuratie1|0|974|974|und|0|975|975
field_collection_item|field_server_configuratie1|0|977|977|und|0|978|978
field_collection_item|field_server_configuratie1|0|982|982|und|0|983|983
field_collection_item|field_server_configuratie1|0|985|985|und|0|986|986
field_collection_item|field_server_configuratie1|0|990|990|und|0|991|991
field_collection_item|field_server_configuratie1|0|990|990|und|1|992|992
field_collection_item|field_server_configuratie1|0|990|990|und|2|993|993
field_collection_item|field_server_configuratie1|0|995|995|und|0|996|996
field_collection_item|field_server_configuratie1|0|995|995|und|1|997|997
field_collection_item|field_server_configuratie1|0|995|995|und|2|998|998
field_collection_item|field_server_configuratie1|0|1000|1000|und|0|1001|1001
field_collection_item|field_server_configuratie1|0|1000|1000|und|1|1002|1002
field_collection_item|field_server_configuratie1|0|1000|1000|und|2|1003|1003
field_collection_item|field_server_configuratie1|0|1005|1005|und|0|1006|1006
field_collection_item|field_server_configuratie1|0|1005|1005|und|1|1007|1007
field_collection_item|field_server_configuratie1|0|1005|1005|und|2|1008|1008
field_collection_item|field_server_configuratie1|0|1010|1010|und|0|1011|1011
field_collection_item|field_server_configuratie1|0|1010|1010|und|1|1012|1012
field_collection_item|field_server_configuratie1|0|1010|1010|und|2|1013|1013
field_collection_item|field_server_configuratie1|0|1015|1015|und|0|1016|1016
field_collection_item|field_server_configuratie1|0|1015|1015|und|1|1017|1017
field_collection_item|field_server_configuratie1|0|1015|1015|und|2|1018|1018
field_collection_item|field_server_configuratie1|0|1020|1020|und|0|1021|1021
field_collection_item|field_server_configuratie1|0|1020|1020|und|1|1022|1022
field_collection_item|field_server_configuratie1|0|1020|1020|und|2|1023|1023
field_collection_item|field_server_configuratie1|0|1033|1033|und|0|1034|1034
field_collection_item|field_server_configuratie1|0|1036|1036|und|0|1037|1037
field_collection_item|field_server_configuratie1|0|1039|1039|und|0|1040|1040
field_collection_item|field_server_configuratie1|0|1042|1042|und|0|1043|1043
field_collection_item|field_server_configuratie1|0|1045|1045|und|0|1046|1046
field_collection_item|field_server_configuratie1|0|1048|1048|und|0|1049|1049
field_collection_item|field_server_configuratie1|0|1056|1056|und|0|1057|1057
field_collection_item|field_server_configuratie|0|1059|1059|und|0|1061|1061
field_collection_item|field_server_configuratie|0|1062|1062|und|0|1064|1064
field_collection_item|field_server_configuratie|0|1065|1065|und|0|1067|1067
field_collection_item|field_server_configuratie|0|1065|1065|und|1|1068|1068
field_collection_item|field_server_configuratie|0|1065|1065|und|2|1069|1069
field_collection_item|field_server_configuratie|0|1070|1070|und|0|1072|1072
field_collection_item|field_server_configuratie|0|1070|1070|und|1|1073|1073
field_collection_item|field_server_configuratie1|0|1074|1074|und|0|1075|1075
field_collection_item|field_server_configuratie1|0|1077|1077|und|0|1078|1078
field_collection_item|field_server_configuratie1|0|1080|1080|und|0|1081|1081
field_collection_item|field_server_configuratie1|0|1080|1080|und|1|1082|1082
field_collection_item|field_server_configuratie1|0|1080|1080|und|2|1083|1083
field_collection_item|field_server_configuratie1|0|1085|1085|und|0|1089|1089
field_collection_item|field_server_configuratie1|0|1087|1087|und|0|1090|1090
field_collection_item|field_server_configuratie1|0|1091|1091|und|0|1092|1092
field_collection_item|field_server_configuratie1|0|1094|1094|und|0|1095|1095
field_collection_item|field_server_configuratie|0|1097|1097|und|0|1099|1099
field_collection_item|field_server_configuratie|0|1100|1100|und|0|1102|1102
field_collection_item|field_server_configuratie1|0|1103|1103|und|0|1104|1104
field_collection_item|field_server_configuratie|0|1108|1108|und|0|1110|1110
field_collection_item|field_server_configuratie|0|1108|1108|und|1|1111|1111
field_collection_item|field_server_configuratie|0|1112|1112|und|0|1114|1114
field_collection_item|field_server_configuratie|0|1112|1112|und|1|1115|1115
field_collection_item|field_server_configuratie1|0|1118|1118|und|0|1119|1119
field_collection_item|field_server_configuratie1|0|1121|1121|und|0|1122|1122
field_collection_item|field_server_configuratie1|0|1135|1135|und|0|1136|1136
field_collection_item|field_server_configuratie1|0|1138|1138|und|0|1139|1139
field_collection_item|field_server_configuratie|0|1141|1141|und|0|1143|1143
field_collection_item|field_server_configuratie|0|1141|1141|und|1|1144|1144
field_collection_item|field_server_configuratie|0|1145|1145|und|0|1147|1147
field_collection_item|field_server_configuratie|0|1145|1145|und|1|1148|1148
field_collection_item|field_server_configuratie|0|1151|1151|und|0|1153|1153
field_collection_item|field_server_configuratie|0|1151|1151|und|1|1154|1154
field_collection_item|field_server_configuratie|0|1155|1155|und|0|1157|1157
field_collection_item|field_server_configuratie1|0|1158|1158|und|0|1159|1159
field_collection_item|field_server_configuratie1|0|1161|1161|und|0|1162|1162
field_collection_item|field_server_configuratie1|0|1164|1164|und|0|1165|1165
field_collection_item|field_server_configuratie1|0|1167|1167|und|0|1168|1168
field_collection_item|field_server_configuratie1|0|1170|1170|und|0|1171|1171
field_collection_item|field_server_configuratie|0|1173|1173|und|0|1175|1175
field_collection_item|field_server_configuratie|0|1178|1178|und|0|1180|1180
field_collection_item|field_server_configuratie1|0|1181|1181|und|0|1182|1182
field_collection_item|field_server_configuratie|0|1188|1188|und|0|1190|1190
field_collection_item|field_server_configuratie1|0|1191|1191|und|0|1192|1192
field_collection_item|field_server_configuratie|0|1194|1194|und|0|1196|1196
field_collection_item|field_server_configuratie1|0|1197|1197|und|0|1198|1198
field_collection_item|field_server_configuratie|0|1200|1200|und|0|1202|1202
field_collection_item|field_server_configuratie|0|1200|1200|und|1|1203|1203
field_collection_item|field_server_configuratie|0|1204|1204|und|0|1206|1206
field_collection_item|field_server_configuratie|0|1207|1207|und|0|1209|1209
field_collection_item|field_server_configuratie|0|1210|1210|und|0|1212|1212
field_collection_item|field_server_configuratie|0|1213|1213|und|0|1215|1215
field_collection_item|field_server_configuratie1|0|1216|1216|und|0|1217|1217
field_collection_item|field_server_configuratie1|0|1219|1219|und|0|1220|1220
field_collection_item|field_server_configuratie1|0|1222|1222|und|0|1223|1223
field_collection_item|field_server_configuratie1|0|1225|1225|und|0|1226|1226
field_collection_item|field_server_configuratie|0|1228|1228|und|0|1230|1230
field_collection_item|field_server_configuratie|0|1231|1231|und|0|1233|1233
field_collection_item|field_server_configuratie|0|1234|1234|und|0|1236|1236
field_collection_item|field_server_configuratie|0|1239|1239|und|0|1241|1241
field_collection_item|field_server_configuratie|0|1242|1242|und|0|1244|1244
field_collection_item|field_server_configuratie|0|1245|1245|und|0|1247|1247
field_collection_item|field_server_configuratie|0|1248|1248|und|0|1250|1250
field_collection_item|field_server_configuratie|0|1251|1251|und|0|1253|1253
field_collection_item|field_server_configuratie1|0|1254|1254|und|0|1255|1255
field_collection_item|field_server_configuratie1|0|1257|1257|und|0|1258|1258
field_collection_item|field_server_configuratie1|0|1260|1260|und|0|1261|1261
field_collection_item|field_server_configuratie1|0|1263|1263|und|0|1264|1264
field_collection_item|field_server_configuratie1|0|1263|1263|und|1|1265|1265
field_collection_item|field_server_configuratie1|0|1263|1263|und|2|1266|1266
field_collection_item|field_server_configuratie1|0|1263|1263|und|3|1267|1267
field_collection_item|field_server_configuratie1|0|1263|1263|und|4|1268|1268
field_collection_item|field_server_configuratie1|0|1263|1263|und|5|1269|1269
field_collection_item|field_server_configuratie1|0|1263|1263|und|6|1270|1270
field_collection_item|field_server_configuratie1|0|1263|1263|und|7|1271|1271
field_collection_item|field_server_configuratie1|0|1263|1263|und|8|1272|1272
field_collection_item|field_server_configuratie1|0|1263|1263|und|9|1273|1273
field_collection_item|field_server_configuratie|0|1281|1281|und|0|1283|1283
field_collection_item|field_server_configuratie|0|1284|1284|und|0|1286|1286
field_collection_item|field_server_configuratie|0|1287|1287|und|0|1289|1289
field_collection_item|field_server_configuratie|0|1290|1290|und|0|1292|1292
field_collection_item|field_server_configuratie|0|1295|1295|und|0|1297|1297
field_collection_item|field_server_configuratie|0|1304|1304|und|0|1306|1306
field_collection_item|field_server_configuratie|0|1304|1304|und|1|1307|1307
field_collection_item|field_server_configuratie|0|1304|1304|und|2|1308|1308
field_collection_item|field_server_configuratie|0|1304|1304|und|3|1309|1309
field_collection_item|field_server_configuratie1|0|1310|1310|und|0|1311|1311
field_collection_item|field_server_configuratie1|0|1313|1313|und|0|1314|1314
field_collection_item|field_server_configuratie1|0|1316|1316|und|0|1317|1317
field_collection_item|field_server_configuratie1|0|1319|1319|und|0|1320|1320
field_collection_item|field_server_configuratie1|0|1322|1322|und|0|1323|1323
field_collection_item|field_server_configuratie1|0|1325|1325|und|0|1326|1326
field_collection_item|field_server_configuratie1|0|1328|1328|und|0|1329|1329
field_collection_item|field_server_configuratie1|0|1331|1331|und|0|1332|1332
field_collection_item|field_server_configuratie|0|1334|1334|und|0|1336|1336
field_collection_item|field_server_configuratie|0|1334|1334|und|1|1337|1337
field_collection_item|field_server_configuratie|0|1334|1334|und|2|1338|1338
field_collection_item|field_server_configuratie1|0|1339|1339|und|0|1340|1340
field_collection_item|field_server_configuratie1|0|1339|1339|und|1|1341|1341
field_collection_item|field_server_configuratie1|0|1343|1343|und|0|1344|1344
field_collection_item|field_server_configuratie1|0|1346|1346|und|0|1347|1347
field_collection_item|field_server_configuratie1|0|1349|1349|und|0|1350|1350
field_collection_item|field_server_configuratie1|0|1352|1352|und|0|1353|1353
field_collection_item|field_server_configuratie1|0|1358|1358|und|0|1359|1359
field_collection_item|field_server_configuratie1|0|1361|1361|und|0|1362|1362
field_collection_item|field_server_configuratie|0|1364|1364|und|0|1366|1366
field_collection_item|field_server_configuratie1|0|1367|1367|und|0|1368|1368
field_collection_item|field_server_configuratie|0|1370|1370|und|0|1372|1372
field_collection_item|field_server_configuratie|0|1370|1370|und|1|1373|1373
field_collection_item|field_server_configuratie|0|1374|1374|und|0|1376|1376
field_collection_item|field_server_configuratie|0|1374|1374|und|1|1377|1377
field_collection_item|field_server_configuratie|0|1374|1374|und|2|1378|1378
field_collection_item|field_server_configuratie|0|1374|1374|und|3|1379|1379
field_collection_item|field_server_configuratie|0|1380|1380|und|0|1382|1382
field_collection_item|field_server_configuratie|0|1380|1380|und|1|1383|1383
field_collection_item|field_server_configuratie|0|1384|1384|und|0|1386|1386
field_collection_item|field_server_configuratie|0|1384|1384|und|1|1387|1387
field_collection_item|field_server_configuratie|0|1388|1388|und|0|1390|1390
field_collection_item|field_server_configuratie|0|1388|1388|und|1|1391|1391
field_collection_item|field_server_configuratie|0|1392|1392|und|0|1394|1394
field_collection_item|field_server_configuratie|0|1392|1392|und|1|1395|1395
field_collection_item|field_server_configuratie|0|1396|1396|und|0|1398|1398
field_collection_item|field_server_configuratie|0|1396|1396|und|1|1399|1399
field_collection_item|field_server_configuratie|0|1400|1400|und|0|1402|1402
field_collection_item|field_server_configuratie|0|1400|1400|und|1|1403|1403
field_collection_item|field_server_configuratie|0|1404|1404|und|0|1406|1406
field_collection_item|field_server_configuratie|0|1404|1404|und|1|1407|1407
field_collection_item|field_server_configuratie|0|1404|1404|und|2|1408|1408
field_collection_item|field_server_configuratie|0|1415|1415|und|0|1417|1417
field_collection_item|field_server_configuratie|0|1419|1419|und|0|1421|1421
field_collection_item|field_server_configuratie|0|1422|1422|und|0|1424|1424
field_collection_item|field_server_configuratie|0|1425|1425|und|0|1427|1427
field_collection_item|field_server_configuratie|0|1428|1428|und|0|1430|1430
field_collection_item|field_server_configuratie|0|1431|1431|und|0|1433|1433
field_collection_item|field_server_configuratie1|0|1434|1434|und|0|1440|1440
field_collection_item|field_server_configuratie1|0|1436|1436|und|0|1441|1441
field_collection_item|field_server_configuratie1|0|1438|1438|und|0|1442|1442
field_collection_item|field_server_configuratie1|0|1445|1445|und|0|1446|1446
field_collection_item|field_server_configuratie1|0|1445|1445|und|1|1447|1447
field_collection_item|field_server_configuratie|0|1453|1453|und|0|1455|1455
field_collection_item|field_server_configuratie|0|1458|1458|und|0|1460|1460
field_collection_item|field_server_configuratie1|0|1461|1461|und|0|1462|1462
field_collection_item|field_server_configuratie1|0|1464|1464|und|0|1465|1465
field_collection_item|field_server_configuratie1|0|1467|1467|und|0|1468|1468
field_collection_item|field_server_configuratie|0|1470|1470|und|0|1472|1472
field_collection_item|field_server_configuratie|0|1473|1473|und|0|1475|1475
field_collection_item|field_server_configuratie|0|1476|1476|und|0|1478|1478
field_collection_item|field_server_configuratie1|0|1479|1479|und|0|1480|1480
field_collection_item|field_server_configuratie1|0|1482|1482|und|0|1483|1483
field_collection_item|field_server_configuratie1|0|1485|1485|und|0|1486|1486
field_collection_item|field_server_configuratie|0|1488|1488|und|0|1490|1490
field_collection_item|field_server_configuratie|0|1488|1488|und|1|1491|1491
field_collection_item|field_server_configuratie|0|1492|1492|und|0|1494|1494
field_collection_item|field_server_configuratie|0|1492|1492|und|1|1495|1495
field_collection_item|field_server_configuratie1|0|1496|1496|und|0|1497|1497
field_collection_item|field_server_configuratie1|0|1499|1499|und|0|1500|1500
field_collection_item|field_server_configuratie1|0|1502|1502|und|0|1503|1503
field_collection_item|field_server_configuratie1|0|1505|1505|und|0|1506|1506
field_collection_item|field_server_configuratie1|0|1508|1508|und|0|1509|1509
field_collection_item|field_server_configuratie1|0|1515|1515|und|0|1516|1516
field_collection_item|field_server_configuratie|0|1530|1530|und|0|1532|1532
field_collection_item|field_server_configuratie|0|1533|1533|und|0|1535|1535
field_collection_item|field_server_configuratie|0|1533|1533|und|1|1536|1536
field_collection_item|field_server_configuratie|0|1537|1537|und|0|1539|1539
field_collection_item|field_server_configuratie1|0|1540|1540|und|0|1541|1541
field_collection_item|field_server_configuratie1|0|1543|1543|und|0|1544|1544
field_collection_item|field_server_configuratie|0|1554|1554|und|0|1556|1556
field_collection_item|field_server_configuratie|0|1561|1561|und|0|1563|1563
field_collection_item|field_server_configuratie1|0|1564|1564|und|0|1565|1565
field_collection_item|field_server_configuratie|0|1569|1569|und|0|1571|1571
field_collection_item|field_server_configuratie1|0|1572|1572|und|0|1573|1573
field_collection_item|field_server_configuratie1|0|1575|1575|und|0|1576|1576
field_collection_item|field_server_configuratie1|0|1575|1575|und|1|1577|1577
field_collection_item|field_server_configuratie1|0|1579|1579|und|0|1580|1580
field_collection_item|field_server_configuratie1|0|1579|1579|und|1|1581|1581
field_collection_item|field_server_configuratie1|0|1583|1583|und|0|1584|1584
field_collection_item|field_server_configuratie1|0|1583|1583|und|1|1585|1585
field_collection_item|field_server_configuratie1|0|1587|1587|und|0|1588|1588
field_collection_item|field_server_configuratie1|0|1587|1587|und|1|1589|1589
field_collection_item|field_server_configuratie1|0|1591|1591|und|0|1592|1592
field_collection_item|field_server_configuratie1|0|1591|1591|und|1|1593|1593
field_collection_item|field_server_configuratie|0|1619|1619|und|0|1621|1621
field_collection_item|field_server_configuratie1|0|1622|1622|und|0|1623|1623
field_collection_item|field_server_configuratie1|0|1625|1625|und|0|1626|1626
field_collection_item|field_server_configuratie1|0|1628|1628|und|0|1629|1629
field_collection_item|field_server_configuratie1|0|1631|1631|und|0|1632|1632
field_collection_item|field_server_configuratie1|0|1634|1634|und|0|1635|1635
field_collection_item|field_server_configuratie|0|1637|1637|und|0|1639|1639
field_collection_item|field_server_configuratie|0|1640|1640|und|0|1642|1642
field_collection_item|field_server_configuratie|0|1645|1645|und|0|1647|1647
field_collection_item|field_server_configuratie1|0|1648|1648|und|0|1649|1649
field_collection_item|field_server_configuratie1|0|1651|1651|und|0|1652|1652
field_collection_item|field_server_configuratie1|0|1654|1654|und|0|1655|1655
field_collection_item|field_server_configuratie1|0|1657|1657|und|0|1658|1658
field_collection_item|field_server_configuratie|0|1664|1664|und|0|1666|1666
field_collection_item|field_server_configuratie|0|1667|1667|und|0|1669|1669
field_collection_item|field_server_configuratie|0|1670|1670|und|0|1672|1672
field_collection_item|field_server_configuratie1|0|1675|1675|und|0|1676|1676
field_collection_item|field_server_configuratie1|0|1680|1680|und|0|1681|1681
field_collection_item|field_server_configuratie1|0|1689|1689|und|0|1690|1690
field_collection_item|field_server_configuratie|0|1694|1694|und|0|1696|1696
field_collection_item|field_server_configuratie|0|1694|1694|und|1|1697|1697
field_collection_item|field_server_configuratie1|0|1698|1698|und|0|1699|1699
field_collection_item|field_server_configuratie1|0|1701|1701|und|0|1702|1702
field_collection_item|field_server_configuratie1|0|1704|1704|und|0|1722|1722
field_collection_item|field_server_configuratie|0|1706|1706|und|0|1708|1708
field_collection_item|field_server_configuratie|0|1709|1709|und|0|1711|1711
field_collection_item|field_server_configuratie|0|1712|1712|und|0|1714|1714
field_collection_item|field_server_configuratie|0|1715|1715|und|0|1717|1717
field_collection_item|field_server_configuratie|0|1723|1723|und|0|1725|1725
field_collection_item|field_server_configuratie|0|1726|1726|und|0|1728|1728
field_collection_item|field_server_configuratie|0|1733|1733|und|0|1735|1735
field_collection_item|field_server_configuratie|0|1736|1736|und|0|1738|1738
field_collection_item|field_server_configuratie|0|1739|1739|und|0|1741|1741
field_collection_item|field_server_configuratie|0|1742|1742|und|0|1744|1744
field_collection_item|field_server_configuratie|0|1745|1745|und|0|1747|1747
field_collection_item|field_server_configuratie|0|1745|1745|und|1|1748|1748
field_collection_item|field_server_configuratie|0|1749|1749|und|0|1751|1751
field_collection_item|field_server_configuratie|0|1752|1752|und|0|1754|1754
field_collection_item|field_server_configuratie|0|1755|1755|und|0|1757|1757
field_collection_item|field_server_configuratie|0|1758|1758|und|0|1760|1760
field_collection_item|field_server_configuratie|0|1763|1763|und|0|1765|1765
field_collection_item|field_server_configuratie|0|1766|1766|und|0|1768|1768
field_collection_item|field_server_configuratie|0|1772|1772|und|0|1774|1774
field_collection_item|field_server_configuratie|0|1775|1775|und|0|1777|1777
field_collection_item|field_server_configuratie|0|1778|1778|und|0|1780|1780
field_collection_item|field_server_configuratie|0|1781|1781|und|0|1783|1783
field_collection_item|field_server_configuratie|0|1784|1784|und|0|1786|1786
field_collection_item|field_server_configuratie|0|1787|1787|und|0|1789|1789
field_collection_item|field_server_configuratie|0|1790|1790|und|0|1792|1792
field_collection_item|field_server_configuratie|0|1793|1793|und|0|1795|1795
field_collection_item|field_server_configuratie|0|1796|1796|und|0|1798|1798
field_collection_item|field_server_configuratie|0|1799|1799|und|0|1801|1801
field_collection_item|field_server_configuratie|0|1805|1805|und|0|1807|1807
field_collection_item|field_server_configuratie1|0|1808|1808|und|0|1809|1809
field_collection_item|field_server_configuratie1|0|1808|1808|und|1|1810|1810
field_collection_item|field_server_configuratie|0|1812|1812|und|0|1814|1814
field_collection_item|field_server_configuratie|0|1815|1815|und|0|1817|1817
field_collection_item|field_server_configuratie|0|1818|1818|und|0|1820|1820
field_collection_item|field_server_configuratie|0|1818|1818|und|1|1821|1821
field_collection_item|field_server_configuratie|0|1822|1822|und|0|1824|1824
field_collection_item|field_server_configuratie|0|1822|1822|und|1|1825|1825
field_collection_item|field_server_configuratie|0|1830|1830|und|0|1832|1832
field_collection_item|field_server_configuratie1|0|1833|1833|und|0|1837|1837
field_collection_item|field_server_configuratie1|0|1835|1835|und|0|1838|1838
field_collection_item|field_server_configuratie1|0|1839|1839|und|0|1840|1840
field_collection_item|field_server_configuratie1|0|1839|1839|und|1|1841|1841
field_collection_item|field_server_configuratie|0|1843|1843|und|0|1845|1845
field_collection_item|field_server_configuratie1|0|1846|1846|und|0|1847|1847
field_collection_item|field_server_configuratie|0|1849|1849|und|0|1851|1851
field_collection_item|field_server_configuratie|0|1849|1849|und|1|1852|1852
field_collection_item|field_server_configuratie1|0|1853|1853|und|0|1854|1854
field_collection_item|field_server_configuratie1|0|1853|1853|und|1|1855|1855
field_collection_item|field_server_configuratie|0|1857|1857|und|0|1859|1859
field_collection_item|field_server_configuratie|0|1860|1860|und|0|1862|1862
field_collection_item|field_server_configuratie1|0|1863|1863|und|0|1864|1864
field_collection_item|field_server_configuratie|0|1866|1866|und|0|1868|1868
field_collection_item|field_server_configuratie|0|1866|1866|und|1|1869|1869
field_collection_item|field_server_configuratie|0|1870|1870|und|0|1872|1872
field_collection_item|field_server_configuratie|0|1873|1873|und|0|1875|1875
field_collection_item|field_server_configuratie1|0|1876|1876|und|0|1877|1877
field_collection_item|field_server_configuratie1|0|1876|1876|und|1|1878|1878
field_collection_item|field_server_configuratie1|0|1880|1880|und|0|1881|1881
field_collection_item|field_server_configuratie1|0|1880|1880|und|1|1882|1882
field_collection_item|field_server_configuratie|0|1894|1894|und|0|1896|1896
field_collection_item|field_server_configuratie|0|1894|1894|und|1|1897|1897
field_collection_item|field_server_configuratie|0|1898|1898|und|0|1900|1900
field_collection_item|field_server_configuratie|0|1901|1901|und|0|1903|1903
field_collection_item|field_server_configuratie|0|1904|1904|und|0|1906|1906
field_collection_item|field_server_configuratie1|0|1908|1908|und|0|1909|1909
field_collection_item|field_server_configuratie|0|1914|1914|und|0|1916|1916
field_collection_item|field_server_configuratie|0|1917|1917|und|0|1919|1919
field_collection_item|field_server_configuratie1|0|1920|1920|und|0|1921|1921
field_collection_item|field_server_configuratie|0|1923|1923|und|0|1925|1925
field_collection_item|field_server_configuratie|0|1926|1926|und|0|1928|1928
field_collection_item|field_server_configuratie|0|1933|1933|und|0|1935|1935
field_collection_item|field_server_configuratie|0|1936|1936|und|0|1938|1938
field_collection_item|field_server_configuratie|0|1941|1941|und|0|1943|1943
field_collection_item|field_server_configuratie|0|1946|1946|und|0|1948|1948
field_collection_item|field_server_configuratie|0|1946|1946|und|1|1949|1949
field_collection_item|field_server_configuratie|0|1946|1946|und|2|1950|1950
field_collection_item|field_server_configuratie1|0|1953|1953|und|0|1954|1954
field_collection_item|field_server_configuratie1|0|1953|1953|und|1|1955|1955
field_collection_item|field_server_configuratie1|0|1953|1953|und|2|1959|1959
field_collection_item|field_server_configuratie1|0|1972|1972|und|0|1973|1973
field_collection_item|field_server_configuratie1|0|1975|1975|und|0|1976|1976
field_collection_item|field_server_configuratie1|0|1975|1975|und|1|1984|1984
field_collection_item|field_server_configuratie1|0|1975|1975|und|2|1985|1985
field_collection_item|field_server_configuratie1|0|1975|1975|und|3|1986|1986
field_collection_item|field_server_configuratie1|0|1975|1975|und|4|1987|1987
field_collection_item|field_server_configuratie1|0|1975|1975|und|5|1988|1988
field_collection_item|field_server_configuratie|0|1978|1978|und|0|1980|1980
field_collection_item|field_server_configuratie|0|1981|1981|und|0|1983|1983
field_collection_item|field_server_configuratie|0|1989|1989|und|0|1991|1991
field_collection_item|field_server_configuratie|0|1992|1992|und|0|1994|1994
field_collection_item|field_server_configuratie|0|1992|1992|und|1|1995|1995
field_collection_item|field_server_configuratie|0|1996|1996|und|0|1998|1998
field_collection_item|field_server_configuratie|0|1999|1999|und|0|2001|2001
field_collection_item|field_server_configuratie|0|2002|2002|und|0|2004|2004
field_collection_item|field_server_configuratie|0|2005|2005|und|0|2007|2007
field_collection_item|field_server_configuratie|0|2008|2008|und|0|2010|2010
field_collection_item|field_server_configuratie|0|2011|2011|und|0|2013|2013
field_collection_item|field_server_configuratie1|0|2014|2014|und|0|2015|2015
field_collection_item|field_server_configuratie1|0|2017|2017|und|0|2018|2018
field_collection_item|field_server_configuratie|0|2022|2022|und|0|2024|2024
field_collection_item|field_server_configuratie1|0|2025|2025|und|0|2026|2026
field_collection_item|field_server_configuratie|0|2028|2028|und|0|2030|2030
field_collection_item|field_server_configuratie|0|2031|2031|und|0|2033|2033
field_collection_item|field_server_configuratie|0|2034|2034|und|0|2036|2036
field_collection_item|field_server_configuratie|0|2037|2037|und|0|2039|2039
field_collection_item|field_server_configuratie|0|2040|2040|und|0|2042|2042
field_collection_item|field_server_configuratie|0|2043|2043|und|0|2045|2045
field_collection_item|field_server_configuratie|0|2046|2046|und|0|2048|2048
field_collection_item|field_server_configuratie|0|2049|2049|und|0|2051|2051
field_collection_item|field_server_configuratie|0|2052|2052|und|0|2054|2054
field_collection_item|field_server_configuratie|0|2055|2055|und|0|2057|2057
field_collection_item|field_server_configuratie|0|2060|2060|und|0|2062|2062
field_collection_item|field_server_configuratie1|0|2063|2063|und|0|2065|2065
field_collection_item|field_server_configuratie1|0|2066|2066|und|0|2067|2067
field_collection_item|field_server_configuratie1|0|2069|2069|und|0|2070|2070
field_collection_item|field_server_configuratie|0|2072|2072|und|0|2074|2074
field_collection_item|field_server_configuratie|0|2075|2075|und|0|2077|2077
field_collection_item|field_server_configuratie1|0|2078|2078|und|0|2079|2079
field_collection_item|field_server_configuratie|0|2081|2081|und|0|2083|2083
field_collection_item|field_server_configuratie|0|2081|2081|und|1|2084|2084
field_collection_item|field_server_configuratie|0|2085|2085|und|0|2087|2087
field_collection_item|field_server_configuratie|0|2085|2085|und|1|2088|2088
field_collection_item|field_server_configuratie1|0|2089|2089|und|0|2090|2090
field_collection_item|field_server_configuratie1|0|2089|2089|und|1|2091|2091
field_collection_item|field_server_configuratie1|0|2093|2093|und|0|2094|2094
field_collection_item|field_server_configuratie1|0|2093|2093|und|1|2095|2095
field_collection_item|field_server_configuratie|0|2097|2097|und|0|2099|2099
field_collection_item|field_server_configuratie|0|2097|2097|und|1|2100|2100
field_collection_item|field_server_configuratie|0|2101|2101|und|0|2103|2103
field_collection_item|field_server_configuratie|0|2104|2104|und|0|2106|2106
field_collection_item|field_server_configuratie|0|2107|2107|und|0|2109|2109
field_collection_item|field_server_configuratie|0|2110|2110|und|0|2112|2112
field_collection_item|field_server_configuratie|0|2113|2113|und|0|2115|2115
field_collection_item|field_server_configuratie|0|2113|2113|und|1|2116|2116
field_collection_item|field_server_configuratie1|0|2117|2117|und|0|2118|2118
field_collection_item|field_server_configuratie1|0|2117|2117|und|1|2119|2119
field_collection_item|field_server_configuratie1|0|2121|2121|und|0|2122|2122
field_collection_item|field_server_configuratie1|0|2124|2124|und|0|2125|2125
field_collection_item|field_server_configuratie1|0|2127|2127|und|0|2128|2128
field_collection_item|field_server_configuratie|0|2130|2130|und|0|2132|2132
field_collection_item|field_server_configuratie|0|2133|2133|und|0|2135|2135
field_collection_item|field_server_configuratie1|0|2136|2136|und|0|2137|2137
field_collection_item|field_server_configuratie|0|2139|2139|und|0|2141|2141
field_collection_item|field_server_configuratie|0|2142|2142|und|0|2144|2144
field_collection_item|field_server_configuratie|0|2145|2145|und|0|2147|2147
field_collection_item|field_server_configuratie|0|2148|2148|und|0|2150|2150
field_collection_item|field_server_configuratie|0|2151|2151|und|0|2153|2153
field_collection_item|field_server_configuratie|0|2154|2154|und|0|2156|2156
field_collection_item|field_server_configuratie|0|2157|2157|und|0|2159|2159
field_collection_item|field_server_configuratie|0|2160|2160|und|0|2162|2162
field_collection_item|field_server_configuratie1|0|2163|2163|und|0|2164|2164
field_collection_item|field_server_configuratie1|0|2166|2166|und|0|2167|2167
field_collection_item|field_server_configuratie1|0|2169|2169|und|0|2170|2170
field_collection_item|field_server_configuratie1|0|2172|2172|und|0|2173|2173
field_collection_item|field_server_configuratie1|0|2175|2175|und|0|2176|2176
field_collection_item|field_server_configuratie1|0|2178|2178|und|0|2179|2179
field_collection_item|field_server_configuratie|0|2185|2185|und|0|2187|2187
field_collection_item|field_server_configuratie|0|2188|2188|und|0|2190|2190
field_collection_item|field_server_configuratie|0|2188|2188|und|1|2191|2191
field_collection_item|field_server_configuratie1|0|2192|2192|und|0|2193|2193
field_collection_item|field_server_configuratie1|0|2192|2192|und|1|2194|2194
field_collection_item|field_server_configuratie|0|2198|2198|und|0|2200|2200
field_collection_item|field_server_configuratie|0|2198|2198|und|1|2201|2201
field_collection_item|field_server_configuratie|0|2202|2202|und|0|2204|2204
field_collection_item|field_server_configuratie|0|2202|2202|und|1|2205|2205
field_collection_item|field_server_configuratie|0|2219|2219|und|0|2221|2221
field_collection_item|field_server_configuratie|0|2222|2222|und|0|2224|2224
field_collection_item|field_server_configuratie|0|2225|2225|und|0|2227|2227
field_collection_item|field_server_configuratie|0|2225|2225|und|1|2228|2228
field_collection_item|field_server_configuratie1|0|2229|2229|und|0|2230|2230
field_collection_item|field_server_configuratie1|0|2229|2229|und|1|2231|2231
field_collection_item|field_server_configuratie|0|2233|2233|und|0|2235|2235
field_collection_item|field_server_configuratie|0|2236|2236|und|0|2238|2238
field_collection_item|field_server_configuratie|0|2239|2239|und|0|2241|2241
field_collection_item|field_server_configuratie|0|2242|2242|und|0|2244|2244
field_collection_item|field_server_configuratie|0|2245|2245|und|0|2247|2247
field_collection_item|field_server_configuratie|0|2248|2248|und|0|2250|2250
field_collection_item|field_server_configuratie|0|2251|2251|und|0|2253|2253
field_collection_item|field_server_configuratie|0|2256|2256|und|0|2258|2258
field_collection_item|field_server_configuratie|0|2259|2259|und|0|2261|2261
field_collection_item|field_server_configuratie|0|2262|2262|und|0|2264|2264
field_collection_item|field_server_configuratie|0|2265|2265|und|0|2267|2267
field_collection_item|field_server_configuratie|0|2268|2268|und|0|2270|2270
field_collection_item|field_server_configuratie|0|2271|2271|und|0|2273|2273
field_collection_item|field_server_configuratie|0|2274|2274|und|0|2276|2276
field_collection_item|field_server_configuratie|0|2277|2277|und|0|2279|2279
field_collection_item|field_server_configuratie|0|2280|2280|und|0|2282|2282
field_collection_item|field_server_configuratie1|0|2283|2283|und|0|2284|2284
field_collection_item|field_server_configuratie|0|2286|2286|und|0|2288|2288
field_collection_item|field_server_configuratie|0|2289|2289|und|0|2291|2291
field_collection_item|field_server_configuratie|0|2292|2292|und|0|2294|2294
field_collection_item|field_server_configuratie|0|2295|2295|und|0|2297|2297
field_collection_item|field_server_configuratie1|0|2298|2298|und|0|2299|2299
field_collection_item|field_server_configuratie|0|2301|2301|und|0|2303|2303
field_collection_item|field_server_configuratie|0|2304|2304|und|0|2306|2306
field_collection_item|field_server_configuratie|0|2311|2311|und|0|2313|2313
field_collection_item|field_server_configuratie|0|2314|2314|und|0|2316|2316
field_collection_item|field_server_configuratie|0|2317|2317|und|0|2319|2319
field_collection_item|field_server_configuratie|0|2320|2320|und|0|2322|2322
field_collection_item|field_server_configuratie1|0|2323|2323|und|0|2324|2324
field_collection_item|field_server_configuratie1|0|2326|2326|und|0|2327|2327
field_collection_item|field_server_configuratie1|0|2329|2329|und|0|2330|2330
field_collection_item|field_server_configuratie1|0|2329|2329|und|1|2331|2331
field_collection_item|field_server_configuratie1|0|2329|2329|und|2|2332|2332
field_collection_item|field_server_configuratie1|0|2329|2329|und|3|2333|2333
field_collection_item|field_server_configuratie|0|2335|2335|und|0|2337|2337
field_collection_item|field_server_configuratie|0|2338|2338|und|0|2340|2340
field_collection_item|field_server_configuratie|0|2341|2341|und|0|2343|2343
field_collection_item|field_server_configuratie|0|2344|2344|und|0|2346|2346
field_collection_item|field_server_configuratie|0|2349|2349|und|0|2351|2351
field_collection_item|field_server_configuratie1|0|2352|2352|und|0|2353|2353
field_collection_item|field_server_configuratie|0|2355|2355|und|0|2357|2357
field_collection_item|field_server_configuratie|0|2355|2355|und|1|2358|2358
field_collection_item|field_server_configuratie|0|2362|2362|und|0|2364|2364
field_collection_item|field_server_configuratie|0|2380|2380|und|0|2382|2382
field_collection_item|field_server_configuratie|0|2380|2380|und|1|2383|2383
field_collection_item|field_server_configuratie|0|2384|2384|und|0|2386|2386
field_collection_item|field_server_configuratie|0|2384|2384|und|1|2387|2387
field_collection_item|field_server_configuratie|0|2388|2388|und|0|2390|2390
field_collection_item|field_server_configuratie|0|2391|2391|und|0|2393|2393
field_collection_item|field_server_configuratie|0|2391|2391|und|1|2394|2394
field_collection_item|field_server_configuratie|0|2399|2399|und|0|2401|2401
field_collection_item|field_server_configuratie|0|2399|2399|und|1|2402|2402
field_collection_item|field_server_configuratie1|0|2403|2403|und|0|2404|2404
field_collection_item|field_server_configuratie1|0|2403|2403|und|1|2405|2405
field_collection_item|field_server_configuratie|0|2415|2415|und|0|2417|2417
field_collection_item|field_server_configuratie1|0|2418|2418|und|0|2419|2419
field_collection_item|field_server_configuratie|0|2421|2421|und|0|2423|2423
field_collection_item|field_server_configuratie|0|2421|2421|und|1|2429|2429
field_collection_item|field_server_configuratie1|0|2424|2424|und|0|2425|2425
field_collection_item|field_server_configuratie1|0|2424|2424|und|1|2430|2430
field_collection_item|field_server_configuratie|0|2431|2431|und|0|2433|2433
field_collection_item|field_server_configuratie|0|2431|2431|und|1|2434|2434
field_collection_item|field_server_configuratie1|0|2435|2435|und|0|2436|2436
field_collection_item|field_server_configuratie1|0|2435|2435|und|1|2437|2437
field_collection_item|field_server_configuratie|0|2439|2439|und|0|2441|2441
field_collection_item|field_server_configuratie|0|2444|2444|und|0|2446|2446
field_collection_item|field_server_configuratie|0|2444|2444|und|1|2447|2447
field_collection_item|field_server_configuratie1|0|2448|2448|und|0|2449|2449
field_collection_item|field_server_configuratie1|0|2448|2448|und|1|2450|2450
field_collection_item|field_server_configuratie1|0|2454|2454|und|0|2471|2471
field_collection_item|field_server_configuratie|0|2456|2456|und|0|2458|2458
field_collection_item|field_server_configuratie|0|2456|2456|und|1|2459|2459
field_collection_item|field_server_configuratie1|0|2460|2460|und|0|2461|2461
field_collection_item|field_server_configuratie1|0|2460|2460|und|1|2462|2462
field_collection_item|field_server_configuratie|0|2464|2464|und|0|2466|2466
field_collection_item|field_server_configuratie|0|2464|2464|und|1|2467|2467
field_collection_item|field_server_configuratie|0|2464|2464|und|2|2468|2468
field_collection_item|field_server_configuratie|0|2480|2480|und|0|2482|2482
field_collection_item|field_server_configuratie|0|2480|2480|und|1|2483|2483
field_collection_item|field_server_configuratie1|0|2484|2484|und|0|2485|2485
field_collection_item|field_server_configuratie1|0|2484|2484|und|1|2486|2486
field_collection_item|field_server_configuratie|0|2488|2488|und|0|2490|2490
field_collection_item|field_server_configuratie|0|2488|2488|und|1|2491|2491
field_collection_item|field_server_configuratie|0|2488|2488|und|2|2492|2492
field_collection_item|field_server_configuratie|0|2488|2488|und|3|2493|2493
field_collection_item|field_server_configuratie|0|2488|2488|und|4|2494|2494
field_collection_item|field_server_configuratie1|0|2495|2495|und|0|2496|2496
field_collection_item|field_server_configuratie1|0|2495|2495|und|1|2497|2497
field_collection_item|field_server_configuratie1|0|2495|2495|und|2|2498|2498
field_collection_item|field_server_configuratie1|0|2495|2495|und|3|2499|2499
field_collection_item|field_server_configuratie1|0|2495|2495|und|4|2500|2500
field_collection_item|field_server_configuratie|0|2502|2502|und|0|2504|2504
field_collection_item|field_server_configuratie1|0|2505|2505|und|0|2506|2506
field_collection_item|field_server_configuratie|0|2512|2512|und|0|2514|2514
field_collection_item|field_server_configuratie1|0|2515|2515|und|0|2516|2516
field_collection_item|field_server_configuratie|0|2518|2518|und|0|2520|2520
field_collection_item|field_server_configuratie1|0|2521|2521|und|0|2522|2522
field_collection_item|field_server_configuratie|0|2524|2524|und|0|2526|2526
field_collection_item|field_server_configuratie1|0|2527|2527|und|0|2528|2528
field_collection_item|field_server_configuratie1|0|2530|2530|und|0|2531|2531
field_collection_item|field_server_configuratie1|0|2541|2541|und|0|2542|2542
field_collection_item|field_server_configuratie|0|2544|2544|und|0|2546|2546
field_collection_item|field_server_configuratie|0|2544|2544|und|1|2547|2547
field_collection_item|field_server_configuratie|0|2548|2548|und|0|2550|2550
field_collection_item|field_server_configuratie|0|2551|2551|und|0|2553|2553
field_collection_item|field_server_configuratie|0|2554|2554|und|0|2556|2556
field_collection_item|field_server_configuratie|0|2557|2557|und|0|2559|2559
field_collection_item|field_server_configuratie1|0|2560|2560|und|0|2561|2561
field_collection_item|field_server_configuratie|0|2567|2567|und|0|2571|2571
field_collection_item|field_server_configuratie|0|2574|2574|und|0|2576|2576
field_collection_item|field_server_configuratie|0|2577|2577|und|0|2579|2579
field_collection_item|field_server_configuratie|0|2580|2580|und|0|2582|2582
field_collection_item|field_server_configuratie|0|2580|2580|und|1|2583|2583
field_collection_item|field_server_configuratie|0|2580|2580|und|2|2584|2584
field_collection_item|field_server_configuratie|0|2580|2580|und|3|2585|2585
field_collection_item|field_server_configuratie|0|2580|2580|und|4|2586|2586
field_collection_item|field_server_configuratie|0|2580|2580|und|5|2587|2587
field_collection_item|field_server_configuratie|0|2580|2580|und|6|2588|2588
field_collection_item|field_server_configuratie|0|2580|2580|und|7|2589|2589
field_collection_item|field_server_configuratie1|0|2590|2590|und|0|2591|2591
field_collection_item|field_server_configuratie1|0|2593|2593|und|0|2594|2594
field_collection_item|field_server_configuratie|0|2596|2596|und|0|2598|2598
field_collection_item|field_server_configuratie|0|2599|2599|und|0|2601|2601
field_collection_item|field_server_configuratie1|0|2602|2602|und|0|2603|2603
field_collection_item|field_server_configuratie1|0|2605|2605|und|0|2606|2606
field_collection_item|field_server_configuratie1|0|2608|2608|und|0|2609|2609
field_collection_item|field_server_configuratie1|0|2611|2611|und|0|2612|2612
field_collection_item|field_server_configuratie1|0|2616|2616|und|0|2617|2617
field_collection_item|field_server_configuratie1|0|2619|2619|und|0|2620|2620
field_collection_item|field_server_configuratie|0|2624|2624|und|0|2626|2626
field_collection_item|field_server_configuratie|0|2627|2627|und|0|2629|2629
field_collection_item|field_server_configuratie|0|2630|2630|und|0|2632|2632
field_collection_item|field_server_configuratie|0|2633|2633|und|0|2635|2635
