field_collection_item|field_serverspecificatie|0|33|33|und|0|10
field_collection_item|field_serverspecificatie|0|59|59|und|0|16
field_collection_item|field_serverspecificatie|0|62|62|und|0|16
field_collection_item|field_serverspecificatie|0|65|65|und|0|19
field_collection_item|field_serverspecificatie|0|75|75|und|0|13
field_collection_item|field_serverspecificatie|0|75|75|und|1|12
field_collection_item|field_serverspecificatie|0|75|75|und|2|20
field_collection_item|field_serverspecificatie|0|82|82|und|0|19
field_collection_item|field_serverspecificatie|0|82|82|und|1|16
field_collection_item|field_serverspecificatie|0|82|82|und|2|14
field_collection_item|field_serverspecificatie|0|91|91|und|0|13
field_collection_item|field_serverspecificatie|0|91|91|und|1|11
field_collection_item|field_serverspecificatie|0|91|91|und|2|20
field_collection_item|field_serverspecificatie|0|94|94|und|0|19
field_collection_item|field_serverspecificatie|0|94|94|und|1|16
field_collection_item|field_serverspecificatie|0|94|94|und|2|14
field_collection_item|field_serverspecificatie|0|97|97|und|0|19
field_collection_item|field_serverspecificatie|0|97|97|und|1|16
field_collection_item|field_serverspecificatie|0|97|97|und|2|14
field_collection_item|field_serverspecificatie|0|102|102|und|0|13
field_collection_item|field_serverspecificatie|0|102|102|und|1|11
field_collection_item|field_serverspecificatie|0|102|102|und|2|3
field_collection_item|field_serverspecificatie|0|102|102|und|3|16
field_collection_item|field_serverspecificatie|0|102|102|und|4|14
field_collection_item|field_serverspecificatie|0|108|108|und|0|12
field_collection_item|field_serverspecificatie|0|111|111|und|0|12
field_collection_item|field_serverspecificatie|0|116|116|und|0|10
field_collection_item|field_serverspecificatie|0|116|116|und|1|4
field_collection_item|field_serverspecificatie|0|116|116|und|2|19
field_collection_item|field_serverspecificatie|0|116|116|und|3|11
field_collection_item|field_serverspecificatie|0|116|116|und|4|7
field_collection_item|field_serverspecificatie|0|116|116|und|5|3
field_collection_item|field_serverspecificatie|0|171|171|und|0|19
field_collection_item|field_serverspecificatie|0|190|190|und|0|19
field_collection_item|field_serverspecificatie|0|190|190|und|1|16
field_collection_item|field_serverspecificatie|0|190|190|und|2|14
field_collection_item|field_serverspecificatie|0|195|195|und|0|18
field_collection_item|field_serverspecificatie|0|195|195|und|1|19
field_collection_item|field_serverspecificatie|0|195|195|und|2|15
field_collection_item|field_serverspecificatie|0|195|195|und|3|16
field_collection_item|field_serverspecificatie|0|195|195|und|4|14
field_collection_item|field_serverspecificatie|0|199|199|und|0|18
field_collection_item|field_serverspecificatie|0|199|199|und|1|19
field_collection_item|field_serverspecificatie|0|199|199|und|2|15
field_collection_item|field_serverspecificatie|0|199|199|und|3|16
field_collection_item|field_serverspecificatie|0|199|199|und|4|14
field_collection_item|field_serverspecificatie|0|201|201|und|0|3
field_collection_item|field_serverspecificatie|0|204|204|und|0|7
field_collection_item|field_serverspecificatie|0|204|204|und|1|3
field_collection_item|field_serverspecificatie|0|204|204|und|2|16
field_collection_item|field_serverspecificatie|0|204|204|und|3|14
field_collection_item|field_serverspecificatie|0|207|207|und|0|11
field_collection_item|field_serverspecificatie|0|232|232|und|0|12
field_collection_item|field_serverspecificatie|0|235|235|und|0|16
field_collection_item|field_serverspecificatie|0|235|235|und|1|14
field_collection_item|field_serverspecificatie|0|237|237|und|0|16
field_collection_item|field_serverspecificatie|0|237|237|und|1|14
field_collection_item|field_serverspecificatie|0|239|239|und|0|19
field_collection_item|field_serverspecificatie|0|239|239|und|1|16
field_collection_item|field_serverspecificatie|0|239|239|und|2|14
field_collection_item|field_serverspecificatie|0|241|241|und|0|16
field_collection_item|field_serverspecificatie|0|241|241|und|1|14
field_collection_item|field_serverspecificatie|0|243|243|und|0|16
field_collection_item|field_serverspecificatie|0|243|243|und|1|14
field_collection_item|field_serverspecificatie|0|245|245|und|0|16
field_collection_item|field_serverspecificatie|0|245|245|und|1|14
field_collection_item|field_serverspecificatie|0|249|249|und|0|14
field_collection_item|field_serverspecificatie|0|251|251|und|0|16
field_collection_item|field_serverspecificatie|0|251|251|und|1|14
field_collection_item|field_serverspecificatie|0|261|261|und|0|16
field_collection_item|field_serverspecificatie|0|261|261|und|1|14
field_collection_item|field_serverspecificatie|0|263|263|und|0|16
field_collection_item|field_serverspecificatie|0|263|263|und|1|14
field_collection_item|field_serverspecificatie|0|265|265|und|0|16
field_collection_item|field_serverspecificatie|0|265|265|und|1|14
field_collection_item|field_serverspecificatie|0|267|267|und|0|16
field_collection_item|field_serverspecificatie|0|267|267|und|1|14
field_collection_item|field_serverspecificatie|0|269|269|und|0|16
field_collection_item|field_serverspecificatie|0|269|269|und|1|14
field_collection_item|field_serverspecificatie|0|287|287|und|0|12
field_collection_item|field_serverspecificatie|0|298|298|und|0|19
field_collection_item|field_serverspecificatie|0|300|300|und|0|16
field_collection_item|field_serverspecificatie|0|300|300|und|1|14
field_collection_item|field_serverspecificatie|0|302|302|und|0|16
field_collection_item|field_serverspecificatie|0|302|302|und|1|14
field_collection_item|field_serverspecificatie|0|304|304|und|0|16
field_collection_item|field_serverspecificatie|0|304|304|und|1|14
field_collection_item|field_serverspecificatie|0|310|310|und|0|10
field_collection_item|field_serverspecificatie|0|315|315|und|0|16
field_collection_item|field_serverspecificatie|0|315|315|und|1|14
field_collection_item|field_serverspecificatie|0|319|319|und|0|16
field_collection_item|field_serverspecificatie|0|319|319|und|1|14
field_collection_item|field_serverspecificatie|0|449|449|und|0|16
field_collection_item|field_serverspecificatie|0|449|449|und|1|14
field_collection_item|field_serverspecificatie|0|452|452|und|0|16
field_collection_item|field_serverspecificatie|0|452|452|und|1|14
field_collection_item|field_serverspecificatie|0|455|455|und|0|19
field_collection_item|field_serverspecificatie|0|499|499|und|0|16
field_collection_item|field_serverspecificatie|0|499|499|und|1|14
field_collection_item|field_serverspecificatie|0|501|501|und|0|19
field_collection_item|field_serverspecificatie|0|501|501|und|1|16
field_collection_item|field_serverspecificatie|0|501|501|und|2|14
field_collection_item|field_serverspecificatie|0|510|510|und|0|19
field_collection_item|field_serverspecificatie|0|549|549|und|0|16
field_collection_item|field_serverspecificatie|0|559|559|und|0|19
field_collection_item|field_serverspecificatie|0|559|559|und|1|17
field_collection_item|field_serverspecificatie|0|559|559|und|2|16
field_collection_item|field_serverspecificatie|0|559|559|und|3|14
field_collection_item|field_serverspecificatie|0|562|562|und|0|19
field_collection_item|field_serverspecificatie|0|562|562|und|1|16
field_collection_item|field_serverspecificatie|0|562|562|und|2|14
field_collection_item|field_serverspecificatie|0|572|572|und|0|17
field_collection_item|field_serverspecificatie|0|572|572|und|1|16
field_collection_item|field_serverspecificatie|0|575|575|und|0|19
field_collection_item|field_serverspecificatie|0|579|579|und|0|17
field_collection_item|field_serverspecificatie|0|579|579|und|1|16
field_collection_item|field_serverspecificatie|0|582|582|und|0|19
field_collection_item|field_serverspecificatie|0|584|584|und|0|8
field_collection_item|field_serverspecificatie|0|584|584|und|1|20
field_collection_item|field_serverspecificatie|0|584|584|und|2|3
field_collection_item|field_serverspecificatie|0|586|586|und|0|16
field_collection_item|field_serverspecificatie|0|628|628|und|0|14
field_collection_item|field_serverspecificatie|0|683|683|und|0|14
field_collection_item|field_serverspecificatie|0|713|713|und|0|10
field_collection_item|field_serverspecificatie|0|733|733|und|0|14
field_collection_item|field_serverspecificatie|0|776|776|und|0|7
field_collection_item|field_serverspecificatie|0|776|776|und|1|9
field_collection_item|field_serverspecificatie|0|776|776|und|2|3
field_collection_item|field_serverspecificatie|0|776|776|und|3|16
field_collection_item|field_serverspecificatie|0|776|776|und|4|14
field_collection_item|field_serverspecificatie|0|780|780|und|0|7
field_collection_item|field_serverspecificatie|0|780|780|und|1|9
field_collection_item|field_serverspecificatie|0|780|780|und|2|3
field_collection_item|field_serverspecificatie|0|780|780|und|3|16
field_collection_item|field_serverspecificatie|0|780|780|und|4|14
field_collection_item|field_serverspecificatie|0|782|782|und|0|10
field_collection_item|field_serverspecificatie|0|782|782|und|1|12
field_collection_item|field_serverspecificatie|0|799|799|und|0|10
field_collection_item|field_serverspecificatie|0|837|837|und|0|19
field_collection_item|field_serverspecificatie|0|837|837|und|1|8
field_collection_item|field_serverspecificatie|0|837|837|und|2|3
field_collection_item|field_serverspecificatie|0|839|839|und|0|19
field_collection_item|field_serverspecificatie|0|839|839|und|1|8
field_collection_item|field_serverspecificatie|0|839|839|und|2|3
field_collection_item|field_serverspecificatie|0|976|976|und|0|13
field_collection_item|field_serverspecificatie|0|1026|1026|und|0|16
field_collection_item|field_serverspecificatie|0|1026|1026|und|1|14
field_collection_item|field_serverspecificatie|0|1028|1028|und|0|16
field_collection_item|field_serverspecificatie|0|1028|1028|und|1|14
field_collection_item|field_serverspecificatie|0|1038|1038|und|0|7
field_collection_item|field_serverspecificatie|0|1041|1041|und|0|7
field_collection_item|field_serverspecificatie|0|1044|1044|und|0|7
field_collection_item|field_serverspecificatie|0|1047|1047|und|0|7
field_collection_item|field_serverspecificatie|0|1050|1050|und|0|7
field_collection_item|field_serverspecificatie|0|1079|1079|und|0|11
field_collection_item|field_serverspecificatie|0|1088|1088|und|0|19
field_collection_item|field_serverspecificatie|0|1093|1093|und|0|14
field_collection_item|field_serverspecificatie|0|1098|1098|und|0|16
field_collection_item|field_serverspecificatie|0|1098|1098|und|1|14
field_collection_item|field_serverspecificatie|0|1105|1105|und|0|16
field_collection_item|field_serverspecificatie|0|1107|1107|und|0|6
field_collection_item|field_serverspecificatie|0|1150|1150|und|0|16
field_collection_item|field_serverspecificatie|0|1156|1156|und|0|14
field_collection_item|field_serverspecificatie|0|1160|1160|und|0|14
field_collection_item|field_serverspecificatie|0|1183|1183|und|0|16
field_collection_item|field_serverspecificatie|0|1183|1183|und|1|14
field_collection_item|field_serverspecificatie|0|1195|1195|und|0|19
field_collection_item|field_serverspecificatie|0|1199|1199|und|0|19
field_collection_item|field_serverspecificatie|0|1221|1221|und|0|19
field_collection_item|field_serverspecificatie|0|1274|1274|und|0|9
field_collection_item|field_serverspecificatie|0|1274|1274|und|1|3
field_collection_item|field_serverspecificatie|0|1294|1294|und|0|14
field_collection_item|field_serverspecificatie|0|1354|1354|und|0|18
field_collection_item|field_serverspecificatie|0|1354|1354|und|1|19
field_collection_item|field_serverspecificatie|0|1410|1410|und|0|7
field_collection_item|field_serverspecificatie|0|1414|1414|und|0|7
field_collection_item|field_serverspecificatie|0|1432|1432|und|0|7
field_collection_item|field_serverspecificatie|0|1439|1439|und|0|7
field_collection_item|field_serverspecificatie|0|1450|1450|und|0|7
field_collection_item|field_serverspecificatie|0|1454|1454|und|0|10
field_collection_item|field_serverspecificatie|0|1474|1474|und|0|11
field_collection_item|field_serverspecificatie|0|1484|1484|und|0|11
field_collection_item|field_serverspecificatie|0|1501|1501|und|0|13
field_collection_item|field_serverspecificatie|0|1504|1504|und|0|11
field_collection_item|field_serverspecificatie|0|1519|1519|und|0|16
field_collection_item|field_serverspecificatie|0|1558|1558|und|0|9
field_collection_item|field_serverspecificatie|0|1568|1568|und|0|11
field_collection_item|field_serverspecificatie|0|1606|1606|und|0|11
field_collection_item|field_serverspecificatie|0|1661|1661|und|0|19
field_collection_item|field_serverspecificatie|0|1663|1663|und|0|19
field_collection_item|field_serverspecificatie|0|1684|1684|und|0|16
field_collection_item|field_serverspecificatie|0|1686|1686|und|0|16
field_collection_item|field_serverspecificatie|0|1688|1688|und|0|16
field_collection_item|field_serverspecificatie|0|1693|1693|und|0|14
field_collection_item|field_serverspecificatie|0|1732|1732|und|0|19
field_collection_item|field_serverspecificatie|0|1834|1834|und|0|18
field_collection_item|field_serverspecificatie|0|1834|1834|und|1|17
field_collection_item|field_serverspecificatie|0|1834|1834|und|2|14
field_collection_item|field_serverspecificatie|0|1836|1836|und|0|18
field_collection_item|field_serverspecificatie|0|1836|1836|und|1|19
field_collection_item|field_serverspecificatie|0|1836|1836|und|2|14
field_collection_item|field_serverspecificatie|0|1842|1842|und|0|15
field_collection_item|field_serverspecificatie|0|1895|1895|und|0|3
field_collection_item|field_serverspecificatie|0|1895|1895|und|1|16
field_collection_item|field_serverspecificatie|0|1895|1895|und|2|14
field_collection_item|field_serverspecificatie|0|1918|1918|und|0|19
field_collection_item|field_serverspecificatie|0|1922|1922|und|0|19
field_collection_item|field_serverspecificatie|0|1952|1952|und|0|11
field_collection_item|field_serverspecificatie|0|1958|1958|und|0|11
field_collection_item|field_serverspecificatie|0|1977|1977|und|0|19
field_collection_item|field_serverspecificatie|0|1990|1990|und|0|16
field_collection_item|field_serverspecificatie|0|2027|2027|und|0|16
field_collection_item|field_serverspecificatie|0|2059|2059|und|0|19
field_collection_item|field_serverspecificatie|0|2059|2059|und|1|3
field_collection_item|field_serverspecificatie|0|2059|2059|und|2|16
field_collection_item|field_serverspecificatie|0|2064|2064|und|0|14
field_collection_item|field_serverspecificatie|0|2140|2140|und|0|19
field_collection_item|field_serverspecificatie|0|2143|2143|und|0|19
field_collection_item|field_serverspecificatie|0|2146|2146|und|0|19
field_collection_item|field_serverspecificatie|0|2149|2149|und|0|19
field_collection_item|field_serverspecificatie|0|2152|2152|und|0|19
field_collection_item|field_serverspecificatie|0|2155|2155|und|0|19
field_collection_item|field_serverspecificatie|0|2158|2158|und|0|19
field_collection_item|field_serverspecificatie|0|2161|2161|und|0|19
field_collection_item|field_serverspecificatie|0|2165|2165|und|0|19
field_collection_item|field_serverspecificatie|0|2168|2168|und|0|19
field_collection_item|field_serverspecificatie|0|2171|2171|und|0|19
field_collection_item|field_serverspecificatie|0|2174|2174|und|0|19
field_collection_item|field_serverspecificatie|0|2177|2177|und|0|19
field_collection_item|field_serverspecificatie|0|2180|2180|und|0|19
field_collection_item|field_serverspecificatie|0|2184|2184|und|0|19
field_collection_item|field_serverspecificatie|0|2189|2189|und|0|11
field_collection_item|field_serverspecificatie|0|2195|2195|und|0|11
field_collection_item|field_serverspecificatie|0|2278|2278|und|0|19
field_collection_item|field_serverspecificatie|0|2296|2296|und|0|8
field_collection_item|field_serverspecificatie|0|2296|2296|und|1|20
field_collection_item|field_serverspecificatie|0|2296|2296|und|2|7
field_collection_item|field_serverspecificatie|0|2300|2300|und|0|8
field_collection_item|field_serverspecificatie|0|2300|2300|und|1|20
field_collection_item|field_serverspecificatie|0|2300|2300|und|2|7
field_collection_item|field_serverspecificatie|0|2302|2302|und|0|13
field_collection_item|field_serverspecificatie|0|2308|2308|und|0|13
field_collection_item|field_serverspecificatie|0|2310|2310|und|0|11
field_collection_item|field_serverspecificatie|0|2334|2334|und|0|19
field_collection_item|field_serverspecificatie|0|2396|2396|und|0|19
field_collection_item|field_serverspecificatie|0|2398|2398|und|0|19
field_collection_item|field_serverspecificatie|0|2400|2400|und|0|7
field_collection_item|field_serverspecificatie|0|2400|2400|und|1|3
field_collection_item|field_serverspecificatie|0|2400|2400|und|2|16
field_collection_item|field_serverspecificatie|0|2400|2400|und|3|14
field_collection_item|field_serverspecificatie|0|2406|2406|und|0|7
field_collection_item|field_serverspecificatie|0|2406|2406|und|1|3
field_collection_item|field_serverspecificatie|0|2406|2406|und|2|16
field_collection_item|field_serverspecificatie|0|2406|2406|und|3|14
field_collection_item|field_serverspecificatie|0|2408|2408|und|0|13
field_collection_item|field_serverspecificatie|0|2408|2408|und|1|7
field_collection_item|field_serverspecificatie|0|2410|2410|und|0|13
field_collection_item|field_serverspecificatie|0|2410|2410|und|1|7
field_collection_item|field_serverspecificatie|0|2412|2412|und|0|13
field_collection_item|field_serverspecificatie|0|2412|2412|und|1|7
field_collection_item|field_serverspecificatie|0|2414|2414|und|0|13
field_collection_item|field_serverspecificatie|0|2414|2414|und|1|7
field_collection_item|field_serverspecificatie|0|2416|2416|und|0|18
field_collection_item|field_serverspecificatie|0|2420|2420|und|0|18
field_collection_item|field_serverspecificatie|0|2428|2428|und|0|18
field_collection_item|field_serverspecificatie|0|2432|2432|und|0|8
field_collection_item|field_serverspecificatie|0|2432|2432|und|1|16
field_collection_item|field_serverspecificatie|0|2432|2432|und|2|14
field_collection_item|field_serverspecificatie|0|2438|2438|und|0|8
field_collection_item|field_serverspecificatie|0|2438|2438|und|1|16
field_collection_item|field_serverspecificatie|0|2438|2438|und|2|14
field_collection_item|field_serverspecificatie|0|2440|2440|und|0|20
field_collection_item|field_serverspecificatie|0|2445|2445|und|0|7
field_collection_item|field_serverspecificatie|0|2445|2445|und|1|3
field_collection_item|field_serverspecificatie|0|2445|2445|und|2|16
field_collection_item|field_serverspecificatie|0|2445|2445|und|3|14
field_collection_item|field_serverspecificatie|0|2451|2451|und|0|7
field_collection_item|field_serverspecificatie|0|2451|2451|und|1|3
field_collection_item|field_serverspecificatie|0|2451|2451|und|2|16
field_collection_item|field_serverspecificatie|0|2451|2451|und|3|14
field_collection_item|field_serverspecificatie|0|2455|2455|und|0|14
field_collection_item|field_serverspecificatie|0|2457|2457|und|0|7
field_collection_item|field_serverspecificatie|0|2457|2457|und|1|16
field_collection_item|field_serverspecificatie|0|2457|2457|und|2|14
field_collection_item|field_serverspecificatie|0|2463|2463|und|0|7
field_collection_item|field_serverspecificatie|0|2463|2463|und|1|16
field_collection_item|field_serverspecificatie|0|2463|2463|und|2|14
field_collection_item|field_serverspecificatie|0|2473|2473|und|0|14
field_collection_item|field_serverspecificatie|0|2475|2475|und|0|14
field_collection_item|field_serverspecificatie|0|2481|2481|und|0|17
field_collection_item|field_serverspecificatie|0|2481|2481|und|1|7
field_collection_item|field_serverspecificatie|0|2481|2481|und|2|3
field_collection_item|field_serverspecificatie|0|2481|2481|und|3|16
field_collection_item|field_serverspecificatie|0|2481|2481|und|4|14
field_collection_item|field_serverspecificatie|0|2487|2487|und|0|17
field_collection_item|field_serverspecificatie|0|2487|2487|und|1|7
field_collection_item|field_serverspecificatie|0|2487|2487|und|2|3
field_collection_item|field_serverspecificatie|0|2487|2487|und|3|16
field_collection_item|field_serverspecificatie|0|2487|2487|und|4|14
field_collection_item|field_serverspecificatie|0|2489|2489|und|0|3
field_collection_item|field_serverspecificatie|0|2489|2489|und|1|16
field_collection_item|field_serverspecificatie|0|2489|2489|und|2|14
field_collection_item|field_serverspecificatie|0|2501|2501|und|0|3
field_collection_item|field_serverspecificatie|0|2501|2501|und|1|16
field_collection_item|field_serverspecificatie|0|2501|2501|und|2|14
field_collection_item|field_serverspecificatie|0|2511|2511|und|0|11
field_collection_item|field_serverspecificatie|0|2534|2534|und|0|16
field_collection_item|field_serverspecificatie|0|2534|2534|und|1|14
field_collection_item|field_serverspecificatie|0|2536|2536|und|0|16
field_collection_item|field_serverspecificatie|0|2538|2538|und|0|19
field_collection_item|field_serverspecificatie|0|2618|2618|und|0|13
field_collection_item|field_serverspecificatie|0|2621|2621|und|0|10
field_collection_item|field_serverspecificatie|0|2623|2623|und|0|16
field_collection_item|field_serverspecificatie|0|2641|2641|und|0|17
field_collection_item|field_serverspecificatie|0|2641|2641|und|1|7
field_collection_item|field_serverspecificatie|0|2641|2641|und|2|16
field_collection_item|field_serverspecificatie|0|2641|2641|und|3|14
field_collection_item|field_serverspecificatie|0|2647|2647|und|0|11
field_collection_item|field_serverspecificatie|0|2649|2649|und|0|16
field_collection_item|field_serverspecificatie|0|2682|2682|und|0|16
field_collection_item|field_serverspecificatie|0|2688|2688|und|0|16
field_collection_item|field_serverspecificatie|0|2694|2694|und|0|19
field_collection_item|field_serverspecificatie|0|2701|2701|und|0|13
field_collection_item|field_serverspecificatie|0|2704|2704|und|0|11
field_collection_item|field_serverspecificatie|0|2708|2708|und|0|11
field_collection_item|field_serverspecificatie|0|2710|2710|und|0|16
field_collection_item|field_serverspecificatie|0|2719|2719|und|0|19
field_collection_item|field_serverspecificatie|0|2722|2722|und|0|19
field_collection_item|field_serverspecificatie|0|2725|2725|und|0|19
field_collection_item|field_serverspecificatie|0|2728|2728|und|0|19
field_collection_item|field_serverspecificatie|0|2732|2732|und|0|10
field_collection_item|field_serverspecificatie|0|2732|2732|und|1|19
field_collection_item|field_serverspecificatie|0|2735|2735|und|0|19
field_collection_item|field_serverspecificatie|0|2738|2738|und|0|19
field_collection_item|field_serverspecificatie|0|2756|2756|und|0|8
field_collection_item|field_serverspecificatie|0|2760|2760|und|0|3
field_collection_item|field_serverspecificatie|0|2762|2762|und|0|8
field_collection_item|field_serverspecificatie|0|2766|2766|und|0|20
field_collection_item|field_serverspecificatie|0|2800|2800|und|0|3
field_collection_item|field_serverspecificatie|0|2831|2831|und|0|19
field_collection_item|field_serverspecificatie|0|2834|2834|und|0|19
field_collection_item|field_serverspecificatie|0|2837|2837|und|0|19
field_collection_item|field_serverspecificatie|0|2840|2840|und|0|19
field_collection_item|field_serverspecificatie|0|2843|2843|und|0|19
field_collection_item|field_serverspecificatie|0|2846|2846|und|0|19
field_collection_item|field_serverspecificatie|0|2850|2850|und|0|19
field_collection_item|field_serverspecificatie|0|2868|2868|und|0|16
field_collection_item|field_serverspecificatie|0|2879|2879|und|0|14
field_collection_item|field_serverspecificatie|0|2918|2918|und|0|8
field_collection_item|field_serverspecificatie|0|2943|2943|und|0|19
field_collection_item|field_serverspecificatie|0|2951|2951|und|0|3
field_collection_item|field_serverspecificatie|0|2953|2953|und|0|19
field_collection_item|field_serverspecificatie|0|2956|2956|und|0|3
field_collection_item|field_serverspecificatie|0|2958|2958|und|0|3
field_collection_item|field_serverspecificatie|0|2961|2961|und|0|19
field_collection_item|field_serverspecificatie|0|2964|2964|und|0|19
